,name,id,2,3,4,5,6,7
3,Mr. M c. Cormick,,,['1807'],Miscellanies.,EPF108491002v,"-1807.
            A  stopple & a leather boracho or bottle wherein is carried wine on a
              journey wt. a wooden
              horn mouth to
              drink out of it. from Mr. M
                c. Cormick a surgeon who brought
              it from Lisbon.
            
              
              19 N","<div3 xmlns=""http://www.tei-c.org/ns/1.0"" xmlns:ea=""http://www.enlightenmentarchitectures.org"">
            <ea:catnum type=""primary"" place=""margin"">-1807.</ea:catnum>
            <p>A  stopple &amp; a <material>leather</material> boracho or bottle wherein is carried wine on<lb/> a
              journey w<hi rend=""sup"">t</hi>. a <material>wooden</material>
              <material>horn</material> mouth<lb/> to
              drink out of it. from <persName>M<hi rend=""sup"">r</hi>. M
                <hi rend=""sup"">c</hi>. <add rend=""underline"">Cormick</add></persName> a surgeon who<lb/> brought
              it from <placeName ref=""#Lisbon"">Lisbon</placeName>.</p>
            <p>
              
              <add rend=""red"">19 N</add>
            </p>
          </div3>

          "
7,Mr. Launce,,,['1816'],Miscellanies.,EPF108491002v,"-1816.
            Sticks for cleaning the teeth
              from Guinea by Mr.
                  Launce.
            
              
              27 C","<div3 xmlns=""http://www.tei-c.org/ns/1.0"" xmlns:ea=""http://www.enlightenmentarchitectures.org"">
            <ea:catnum type=""primary"" place=""margin"">-1816.</ea:catnum>
            <p><add rend=""underline"">Sticks</add> for cleaning the <add rend=""underline"">teeth</add>
              from <placeName ref=""#Guinea"">Guinea</placeName> by <persName>M<hi rend=""sup"">r</hi>.
                  <add rend=""underline""><unclear>Launce</unclear></add></persName>.</p>
            <p>
              
              <add rend=""red"">27 C</add>
            </p>
          </div3>

          "
13,Isaac Waldron Esqr ,,,['1831'],Miscellanies.,EPF108491003v,"-1831.
            A piece of some
              instrument of musick found at Meriat.
              hope near Bristol in some plowed land on a
              spott where King Philipp lived & undoubtedly was made befor any tools
              were invented there gave me by Isaac Waldron Esq
                  r
              Bristol March. 19. 1735/6 Id.
            
              
              28 b.","<div3 xmlns=""http://www.tei-c.org/ns/1.0"" xmlns:ea=""http://www.enlightenmentarchitectures.org"">
            <ea:catnum type=""primary"" place=""margin"">-1831.</ea:catnum>
            <p>A <measure>piece</measure> of <measure>some</measure>
              <add rend=""underline"">instrument of musick</add> found at <unclear/>Meriat.<lb/>
              <placeName>hope near Bristol</placeName> in <measure>some</measure> plowed land on a
              spott where<lb/> King Philipp lived &amp; undoubtedly was made befor any<lb/> tools
              were invented there gave me by <persName>Isaac <add rend=""underline"">Waldron</add> Esq
                  <hi rend=""sup"">r</hi></persName><lb/>
              <placeName>Bristol</placeName> March. 19. 1735/6 <add rend=""underline"">Id.</add></p>
            <p>
              
              <add rend=""red"">28 b.</add>
            </p>
          </div3>

          "
14,Abraham Waldron,,,['1835'],Miscellanies.,EPF108491003v,"-1835.
            An Indian Stone pestle to beat in
                 trough made of wood burnt
              & hollowed by their hatchets) Indian corn to make Rocelure belong'd
              to Abraham Waldron?
              Id.","<div3 xmlns=""http://www.tei-c.org/ns/1.0"" xmlns:ea=""http://www.enlightenmentarchitectures.org"">
            <ea:catnum type=""primary"" place=""margin"">-1835.</ea:catnum>
            <p>An Indian <add rend=""underline""><material>Stone</material> pestle</add> to beat in
                 trough made<lb/> of <material>wood</material> burnt
              &amp; hollowed by their hatchets) Indian corn<lb/> to make <unclear/>Rocelure belong'd
              to <persName>Abraham <add rend=""underline"">Waldron</add></persName>?
              <add rend=""underline"">Id.</add></p>
            <p>
              
            </p>




            <pb xml:id=""EPF108491004""/>
            <p>
              
            </p>
          </div3>

          "
19,Mr . Collinson,,,['1845'],Miscellanies.,EPF108491004v,"-1845.
            A stick made of the sorrell tree in Carolina painted
                wt. brown lines. from M
                  r. Collinson.","<div3 xmlns=""http://www.tei-c.org/ns/1.0"" xmlns:ea=""http://www.enlightenmentarchitectures.org"">
            <ea:catnum type=""primary"" place=""margin"">-1845.</ea:catnum>
            <p>A <add rend=""underline"">stick</add> made of the <material><add rend=""underline"">sorrell</add> tree</material> in <placeName>Carolina </placeName>painted<lb/>
                w<hi rend=""sup"">t</hi>. <note type=""colour"">brown</note> lines. from <persName>M
                  <hi rend=""sup"">r</hi>. <add rend=""underline"">Collinson</add></persName>.</p>
            <p>
              
            </p>
          </div3>

          "
23,Dr . Massy,,,['1856'],Miscellanies.,EPF108491005v,"-1856.
            Stocking Shoes
              
                 Boots wt. a great top such as
              fisherman use made of Deer whale or fish
                skins from Hudsons bay by D
                  r. Massy.
            
              CCXVI","<div3 xmlns=""http://www.tei-c.org/ns/1.0"" xmlns:ea=""http://www.enlightenmentarchitectures.org"">
            <ea:catnum type=""primary"" place=""margin"">-1856.</ea:catnum>
            <p><add rend=""underline"">Stocking Shoes</add>
              <metamark function=""carets"">
                <add hand=""shift""><add rend=""underline""> Boots</add></add></metamark> w<hi rend=""sup"">t</hi>. a <measure type=""sizeWeight"">great</measure> top such as
              fisherman use made<lb/> of <metamark function=""carets"">Deer</metamark> whale or fish
                <material>skins</material> from <placeName>Hudsons bay</placeName> by <persName>D
                  <hi rend=""sup"">r</hi>. Massy</persName>.</p>
            <p>
              <add rend=""red"">CCXVI</add>
            </p>
          </div3>

          "
27,Lady Sondes,,,['1862'],Miscellanies.,EPF108491005v,"-1862
            
              Lady Sondes. enter'd by mistake
              given by  Sr. Hans to  Mr. Southwell","<div3 xmlns=""http://www.tei-c.org/ns/1.0"" xmlns:ea=""http://www.enlightenmentarchitectures.org"">
            <ea:catnum type=""primary"" place=""margin"">-1862</ea:catnum>
            <p><lb/>
              <persName>Lady <add rend=""underline"">Sondes</add></persName>. enter'd by mistake<lb/>
              given by <persName> S<hi rend=""sup"">r</hi>. Hans</persName> to <persName> M<hi rend=""sup"">r</hi>. <gap reason=""illegible""/>Southwell</persName></p>
            <p>
              
            </p>
          </div3>




          "
30,Mr . Styleman,,,['1863'],Miscellanies.,EPF108491006v,"-1863.
            A Chinese womans shoe brought from there by M
                  r.
                Styleman given me by his wife
            
              
              
              24","<div3 xmlns=""http://www.tei-c.org/ns/1.0"" xmlns:ea=""http://www.enlightenmentarchitectures.org"">
            <ea:catnum type=""primary"" place=""margin"">-1863.</ea:catnum>
            <p>A Chinese womans <add rend=""underline"">shoe</add> brought from there by <persName>M
                  <hi rend=""sup"">r</hi>.<lb/>
                <add rend=""underline"">Styleman</add></persName> given me by his wife</p>
            <p>
              
              
              <add rend=""red"">24</add>
            </p>
          </div3>

          "
53,Father Fontenay,,,['119'],Miscellanies.,EPF108491010,"-119.
            A China
              Chauffer mains given by Father Fontenay used there being filled wt. ashes to warm the hands in cold X","<div3 xmlns=""http://www.tei-c.org/ns/1.0"" xmlns:ea=""http://www.enlightenmentarchitectures.org"">
            <ea:catnum type=""primary"" place=""margin"">-119.</ea:catnum>
            <p>A <placeName ref=""#China"">China</placeName>
              <add rend=""underline"">Chauffer mains</add> given by <persName>Father <add rend=""underline"">Fontenay</add></persName> used there<lb/> being filled w<hi rend=""sup"">t</hi>. ashes to warm the hands in cold X</p>
            <p>
              
            </p>
          </div3>




          "
71,Mr. Musschenbroock ,,,['181'],Miscellanies.,EPF108491015,"-181.
            A Sett of microscopes made by  Mr.
                Musschenbroock
                 of Holland sent
              me from the  Prince of Orange by
              Mr. Desmarets. -
              brought by & Mr. Bentinck when sent
              over to complemt.  K. James on his coming to the crown.
            
              
              27. b","<div3 xmlns=""http://www.tei-c.org/ns/1.0"" xmlns:ea=""http://www.enlightenmentarchitectures.org"">
            <ea:catnum type=""primary"" place=""margin"">-181.</ea:catnum>
            <p>A Sett of <add rend=""underline"">microscopes</add> made by <persName> M<hi rend=""sup"">r</hi>.<lb/>
                <add rend=""underline"">Muss<metamark function=""carets"">ch</metamark>enbroock
                </add></persName> of <placeName ref=""#Holland"">Holland</placeName> sent<lb/>
              me from the <persName> Prince of <add rend=""underline"">Orange</add></persName> by<lb/>
              <persName>M<hi rend=""sup"">r</hi>. <add rend=""underline"">Desmarets</add></persName>. -
              brought by &amp; <persName>M<hi rend=""sup"">r</hi>. Bentinck</persName> when<lb/> sent
              over to complemt. <persName> K. James</persName> on his coming<lb/> to the crown.</p>
            <p>
              
              <add rend=""red"">27. b</add>
            </p>
          </div3>

          "
134,Mr. Geo Edwards,,,['2106'],Miscellanies.,EPF108491026v,"2106.
            A Mas'k worn by the North American Indians in their approach to the Deer in
              order by that disguise to kill them given me by  Mr. Geo Edwards
            
              22 b
            
            XX","<div3 xmlns=""http://www.tei-c.org/ns/1.0"" xmlns:ea=""http://www.enlightenmentarchitectures.org"">
            <ea:catnum type=""primary"" place=""margin"">2106.</ea:catnum>
            <p>A Mas'k worn by the North<lb/> American Indians in their approach<lb/> to the Deer in
              order by that disguise<lb/> to kill them given me by <persName> M<hi rend=""sup"">r</hi>. Geo Edwards</persName></p>
            <p>
              <add rend=""red"">22 b</add>
            </p>
            <metamark rend=""ink"">XX</metamark>
          </div3>



          "
192,Dr . Brown,,,['600'],Miscellanies.,EPF108491059,"-600.
            Oleum absynthÿ chymic. D
                  r. Brown.
            
              
              
              67 F","<div3 xmlns=""http://www.tei-c.org/ns/1.0"" xmlns:ea=""http://www.enlightenmentarchitectures.org"">
            <ea:catnum type=""primary"" place=""margin"">-600.</ea:catnum>
            <p><add rend=""underline""><material>Oleum</material></add> absynthÿ chymic. <persName>D
                  <hi rend=""sup"">r</hi>. <add rend=""underline"">Brown</add></persName>.</p>
            <p>
              
              
              <add rend=""red"">67 F</add>
            </p>
          </div3>




          "
194,Dr. Br,,,['602'],Miscellanies.,EPF108491060,"-602.
            Oleum anisi. Dr. Br.","<div3 xmlns=""http://www.tei-c.org/ns/1.0"" xmlns:ea=""http://www.enlightenmentarchitectures.org"">
            <ea:catnum type=""primary"" place=""margin"">-602.</ea:catnum>
            <p><material>Oleum</material> anisi. <persName>D<hi rend=""sup"">r</hi>. <add rend=""underline"">Br</add></persName>.</p>
            <p>
              
            </p>
          </div3>

          "
202,Dr. Br,,,['612'],Miscellanies.,EPF108491061,"-612.
            Oil of Bergamot? Dr. Br.","<div3 xmlns=""http://www.tei-c.org/ns/1.0"" xmlns:ea=""http://www.enlightenmentarchitectures.org"">
            <ea:catnum type=""primary"" place=""margin"">-612.</ea:catnum>
            <p><add rend=""underline""><material>Oil</material></add> of Bergamot? <persName>D<hi rend=""sup"">r</hi>. <add rend=""underline"">Br</add></persName>.</p>
            <p>
              
            </p>
          </div3>

          "
204,Dr . Brown,,,['614'],Miscellanies.,EPF108491061,"-614.
            A Brasse Juglers bell ? D
                  r. Brown.
            
              
              19 g","<div3 xmlns=""http://www.tei-c.org/ns/1.0"" xmlns:ea=""http://www.enlightenmentarchitectures.org"">
            <ea:catnum type=""primary"" place=""margin"">-614.</ea:catnum>
            <p>A <material>Brasse</material> Juglers <add rend=""underline"">bell</add> ? <persName>D
                  <hi rend=""sup"">r</hi>. <add rend=""underline"">Brown</add></persName>.</p>
            <p>
              
              <add rend=""red"">19 g</add>
            </p>
          </div3>

          "
205,Dr. Br,,,['615'],Miscellanies.,EPF108491061,"-615.
            The same. Dr. Br.
            
              
              19 g","<div3 xmlns=""http://www.tei-c.org/ns/1.0"" xmlns:ea=""http://www.enlightenmentarchitectures.org"">
            <ea:catnum type=""primary"" place=""margin"">-615.</ea:catnum>
            <p>The <add rend=""underline"">same</add>. <persName>D<hi rend=""sup"">r</hi>. <add rend=""underline"">Br</add></persName>.</p>
            <p>
              
              <add rend=""red"">19 g</add>
            </p>
          </div3>

          "
206,Dr. Br,,,['616'],Miscellanies.,EPF108491061,"-616.
            China
              Inke. Dr. Br.
            
              
              24 p.","<div3 xmlns=""http://www.tei-c.org/ns/1.0"" xmlns:ea=""http://www.enlightenmentarchitectures.org"">
            <ea:catnum type=""primary"" place=""margin"">-616.</ea:catnum>
            <p><placeName ref=""#China"">China</placeName>
              <add rend=""underline""><material>Inke</material></add>. <persName>D<hi rend=""sup"">r</hi>. <add rend=""underline"">Br</add></persName>.</p>
            <p>
              
              <add rend=""red"">24 p.</add>
            </p>
          </div3>

          "
207,Dr. Br,,,['617'],Miscellanies.,EPF108491061,"-617.
            St. Andrews crosse worn by those
              of the Royall Society on that day. Dr. Br.
            
              
              29 b","<div3 xmlns=""http://www.tei-c.org/ns/1.0"" xmlns:ea=""http://www.enlightenmentarchitectures.org"">
            <ea:catnum type=""primary"" place=""margin"">-617.</ea:catnum>
            <p>S<hi rend=""sup"">t</hi>. Andrews <add rend=""underline"">crosse</add> worn by those
              of<lb/> the Royall Society on that day. <persName>D<hi rend=""sup"">r</hi>. <add rend=""underline"">Br</add></persName>.</p>
            <p>
              
              <add rend=""red"">29 b</add>
            </p>
          </div3>




          "
219,Mr . Wilson,,,['652'],Miscellanies.,EPF108491066,"-652.
            Two glasses for a camera
              obscura & painting frame from M
                  r. Wilson &
              Alexr. Brown.","<div3 xmlns=""http://www.tei-c.org/ns/1.0"" xmlns:ea=""http://www.enlightenmentarchitectures.org"">
            <ea:catnum type=""primary"" place=""margin"">-652.</ea:catnum>
            <p>Two <add rend=""underline"">glasses</add> for a <add rend=""underline"">camera
              obscura</add> &amp;<lb/> painting <add rend=""underline"">frame</add> from <persName ref=""#James_Wilson"">M
                  <hi rend=""sup"">r</hi>. <add rend=""underline"">Wilson</add></persName> &amp;<lb/>
              <persName>Alex<hi rend=""sup"">r</hi>. Brown</persName>.</p>
            <p>
              
            </p>
          </div3>

          "
221,Mr. Wilson ,,,['653'],Miscellanies.,EPF108491066,"653
            A sett of Mr. Wilson
            s microscopes & objects & a frame to hold them in from
              the same.
            
              
              21 9.
              a","<div3 xmlns=""http://www.tei-c.org/ns/1.0"" xmlns:ea=""http://www.enlightenmentarchitectures.org"">
            <ea:catnum type=""primary"" place=""margin"">653</ea:catnum>
            <p>A sett of <persName ref=""#James_Wilson"">M<hi rend=""sup"">r</hi>. <add rend=""underline"">Wilson
            </add></persName>s microscopes &amp;<lb/> objects &amp; a frame to hold them in from
              the <add rend=""underline"">same</add>.</p>
            <p>
              
              <add rend=""red"">21 9.</add>
              <add rend=""red"">a</add>
            </p>
          </div3>




          "
223,Alexr. Brown ,,,['664'],Miscellanies.,EPF108491068,"-664.
            A Chinese penknife. Alexr.
                  Brown
                
              hexagonal ivory handle. engraved & filled
                in with black which serves as a case for the sliding
                blade. L. 7 3/4
            
              
              
              25
              A.W.F. 1854.
              X","<div3 xmlns=""http://www.tei-c.org/ns/1.0"" xmlns:ea=""http://www.enlightenmentarchitectures.org"">
            <ea:catnum type=""primary"" place=""margin"">-664.</ea:catnum>
            <p>A Chinese <add rend=""underline"">penknife</add>. <persName>Alex<hi rend=""sup"">r</hi>.
                  <add rend=""underline"">Brown<lb/>
                </add></persName>
              <add hand=""shift"">hexagonal <material>ivory</material> handle. engraved &amp; filled
                in with <note type=""colour"">black</note> which<lb/> serves as a case for the sliding
                blade. L. 7 3/4</add></p>
            <p>
              
              
              <add rend=""red"">25</add>
              <add hand=""later"">A.W.F. 1854.</add>
              <metamark rend=""ink"">X</metamark>
            </p>
          </div3>
          "
228,Dr. Br,,,['674'],Miscellanies.,EPF108491069,"-674.
            A black
              enamell or glasse ? Dr. Br.
            
              
              20. J.","<div3 xmlns=""http://www.tei-c.org/ns/1.0"" xmlns:ea=""http://www.enlightenmentarchitectures.org"">
            <ea:catnum type=""primary"" place=""margin"">-674.</ea:catnum>
            <p>A <note type=""colour"">black</note>
              <add rend=""underline""><material>enamell</material></add> or <add rend=""underline""><material>glasse</material></add> ? <persName>D<hi rend=""sup"">r</hi>. <add rend=""underline"">Br</add></persName>.</p>
            <p>
              
              <add rend=""red"">20. J.</add>
            </p>
          </div3>

          "
230,Dr. Br,,,['676'],Miscellanies.,EPF108491069,"-676.
            A greenish & redish
              marbled
              glasse.
              Dr. Br.","<div3 xmlns=""http://www.tei-c.org/ns/1.0"" xmlns:ea=""http://www.enlightenmentarchitectures.org"">
            <ea:catnum type=""primary"" place=""margin"">-676.</ea:catnum>
            <p>A <note type=""colour"">greenish</note> &amp; <note type=""colour"">redish</note>
              <note type=""colour"">marbled</note>
              <add rend=""underline""><material>glasse</material></add>.<lb/>
              <persName>D<hi rend=""sup"">r</hi>. <add rend=""underline"">Br</add></persName>.</p>
            <p>
              
            </p>
          </div3>

          "
231,Dr. Br,,,['677'],Miscellanies.,EPF108491069,"-677.
            An ivory box in form of a barrell ?
              Dr. Br.
            
              
              19 g","<div3 xmlns=""http://www.tei-c.org/ns/1.0"" xmlns:ea=""http://www.enlightenmentarchitectures.org"">
            <ea:catnum type=""primary"" place=""margin"">-677.</ea:catnum>
            <p>An <add rend=""underline""><material>ivory</material></add> box in form of a <add rend=""underline"">barrell</add> ?<lb/>
              <persName>D<hi rend=""sup"">r</hi>. <add rend=""underline"">Br</add></persName>.</p>
            <p>
              
              <add rend=""red"">19 g</add>
            </p>
          </div3>

          "
232,Dr. Br,,,['678'],Miscellanies.,EPF108491069,"-678.
            An ivory box in form of a button ?
              Dr. Br.","<div3 xmlns=""http://www.tei-c.org/ns/1.0"" xmlns:ea=""http://www.enlightenmentarchitectures.org"">
            <ea:catnum type=""primary"" place=""margin"">-678.</ea:catnum>
            <p>An <material>ivory</material> box in form of a <add rend=""underline"">button</add> ?<lb/>
              <persName>D<hi rend=""sup"">r</hi>. <add rend=""underline"">Br</add></persName>.</p>
            <p>
              
            </p>
          </div3>




          "
233,Dr. Br,,,['679'],Miscellanies.,EPF108491070,"-679.
            Lake. Dr. Br.
            
              
              19 k.","<div3 xmlns=""http://www.tei-c.org/ns/1.0"" xmlns:ea=""http://www.enlightenmentarchitectures.org"">
            <ea:catnum type=""primary"" place=""margin"">-679.</ea:catnum>
            <p>Lake. <persName>D<hi rend=""sup"">r</hi>. <add rend=""underline"">Br</add></persName>.</p>
            <p>
              
              <add rend=""red"">19 k.</add>
            </p>
          </div3>

          "
234,Dr. Br,,,['680'],Miscellanies.,EPF108491070,"-680.
            Masticut a colour. Dr. Br.
            
              
              19 k.","<div3 xmlns=""http://www.tei-c.org/ns/1.0"" xmlns:ea=""http://www.enlightenmentarchitectures.org"">
            <ea:catnum type=""primary"" place=""margin"">-680.</ea:catnum>
            <p>Masticut a <add rend=""underline"">colour</add>. <persName>D<hi rend=""sup"">r</hi>. <add rend=""underline"">Br</add></persName>.</p>
            <p>
              
              <add rend=""red"">19 k.</add>
            </p>
          </div3>

          "
236,Dr. Br,,,['682'],Miscellanies.,EPF108491070,"-682.
            Nodulus e balsamo de Tolu, Tacama =haca benzoin.
              & bals. Peruv. cum ol. absynth. chym. gtt. ÿ?
                  Dr. Br.
            
              
              19 m","<div3 xmlns=""http://www.tei-c.org/ns/1.0"" xmlns:ea=""http://www.enlightenmentarchitectures.org"">
            <ea:catnum type=""primary"" place=""margin"">-682.</ea:catnum>
            <p><add rend=""underline"">Nodulus</add> e balsamo de Tolu, Tacama<lb/> =haca benzoin.
              &amp; bals. Peruv. cum<lb/> ol. absynth. chym. g<hi rend=""sup"">tt</hi>. ÿ?
                  <persName>D<hi rend=""sup"">r</hi>. <add rend=""underline"">Br</add></persName>.</p>
            <p>
              
              <add rend=""red"">19 m</add>
            </p>
          </div3>

          "
237,Dr. Br,,,['683'],Miscellanies.,EPF108491070,"-683.
            Species hieræ picræ. Dr.
                  Br.
            
              
              19 k","<div3 xmlns=""http://www.tei-c.org/ns/1.0"" xmlns:ea=""http://www.enlightenmentarchitectures.org"">
            <ea:catnum type=""primary"" place=""margin"">-683.</ea:catnum>
            <p><add rend=""underline"">Species</add> hieræ picræ. <persName>D<hi rend=""sup"">r</hi>.
                  <add rend=""underline"">Br</add></persName>.</p>
            <p>
              
              <add rend=""red"">19 k</add>
            </p>
          </div3>

          "
250,Joys,,,['765'],Miscellanies.,EPF108491081,"-765.
            A piece of rope broke by
                  Joys the Kentish man.
              1702.","<div3 xmlns=""http://www.tei-c.org/ns/1.0"" xmlns:ea=""http://www.enlightenmentarchitectures.org"">
            <ea:catnum type=""primary"" place=""margin"">-765.</ea:catnum>
            <p>A <measure>piece</measure> of <add rend=""underline"">rope</add> broke by
                  <persName><add rend=""underline"">Joys</add></persName><lb/> the Kentish man.
              1702.</p>
            <p>
              
            </p>
          </div3>

          "
251,Mr. Wm . Dunker,,,['768'],Miscellanies.,EPF108491081,"-768.
            Water Hermetically seal'd by
                  Mr. W
                    m. Dunker 1683.
            
              
              67 C","<div3 xmlns=""http://www.tei-c.org/ns/1.0"" xmlns:ea=""http://www.enlightenmentarchitectures.org"">
            <ea:catnum type=""primary"" place=""margin"">-768.</ea:catnum>
            <p><add rend=""underline""><material>Water</material></add> Hermetically seal'd by
                  <persName>M<hi rend=""sup"">r</hi>.<lb/> W
                    <hi rend=""sup"">m</hi>. <add rend=""underline"">Dunker</add></persName> 1683.</p>
            <p>
              
              <add rend=""red"">67 C</add>
            </p>
          </div3>

          "
256,Sr. Wm . Courtens,,,['810'],Miscellanies.,EPF108491086,"-810.
            Sr. W
              m. Courtens
              large
              seal. 
            
              
              27 a.","<div3 xmlns=""http://www.tei-c.org/ns/1.0"" xmlns:ea=""http://www.enlightenmentarchitectures.org"">
            <ea:catnum type=""primary"" place=""margin"">-810.</ea:catnum>
            <p><persName>S<hi rend=""sup"">r</hi>. W
              <hi rend=""sup"">m</hi>. <add rend=""underline"">Courtens</add></persName>
              <measure type=""sizeWeight"">large</measure>
              <add rend=""underline"">seal</add>. <add hand=""shift""/></p>
            <p>
              
              <add rend=""red"">27 a.</add>
            </p>
          </div3>

          "
264,Mr. Geoffroy,,,['837'],Miscellanies.,EPF108491089,"-837.
            Mr. Hombergs
              flowers of Sal
              armoniac to be used in fevers given
              me by  Mr. Geoffroy.","<div3 xmlns=""http://www.tei-c.org/ns/1.0"" xmlns:ea=""http://www.enlightenmentarchitectures.org"">
            <ea:catnum type=""primary"" place=""margin"">-837.</ea:catnum>
            <p><persName>M<hi rend=""sup"">r</hi>. <add rend=""underline"">Homberg</add></persName>s
              flowers of <add rend=""underline""><material>Sal</material></add>
              <add rend=""underline""><material>armoniac</material></add> to be used in fevers given
              me by <persName> M<hi rend=""sup"">r</hi>. <add rend=""underline"">Geoffroy</add></persName>.</p>
          </div3>

          "
283,Dr . Lister,,,['896'],Miscellanies.,EPF108491097,"-896.
            A necklace of small
              canna India seeds. From D
                  r. Lister.
            
              
              
              20. O.","<div3 xmlns=""http://www.tei-c.org/ns/1.0"" xmlns:ea=""http://www.enlightenmentarchitectures.org"">
            <ea:catnum type=""primary"" place=""margin"">-896.</ea:catnum>
            <p>A <add rend=""underline"">necklace</add> of <measure type=""sizeWeight"">small</measure>
              <material>canna <placeName>India<lb/></placeName> seeds</material>. From <persName>D
                  <hi rend=""sup"">r</hi>. <add rend=""underline"">Lister</add></persName>.</p>
            <p>
              
              
              <add rend=""red"">20. O.</add>
            </p>
          </div3>

          "
300,Mr. Johnson,,,['919*'],Miscellanies.,EPF108491100,"-919. * 
            A china
              quadrangular
              stand
               Mr.
                Johnson.","<div3 xmlns=""http://www.tei-c.org/ns/1.0"" xmlns:ea=""http://www.enlightenmentarchitectures.org"">
            <ea:catnum type=""primary"" place=""margin"">-919. * </ea:catnum>
            <p>A <add rend=""underline"">china</add>
              <measure type=""shape"">quadrangular</measure>
              <add rend=""underline"">stand</add>
              <persName> M<hi rend=""sup"">r</hi>.<lb/>
                <add rend=""underline"">Johnson</add></persName>.</p>
            <p>
              
            </p>
            <metamark rend=""ink""/>
          </div3>

          "
320,Dr . Slare,,,['1012'],Miscellanies.,EPF108491107,"-1012.
            The  in
                figure of a man sitting on a deaths head wt. his hands lifted up &c. white
              amber given me by  D
                  r. Slare.","<div3 xmlns=""http://www.tei-c.org/ns/1.0"" xmlns:ea=""http://www.enlightenmentarchitectures.org"">
            <ea:catnum type=""primary"" place=""margin"">-1012.</ea:catnum>
            <p>The  in
                <add rend=""underline"">figure</add> of a man sitting on a<lb/> deaths head w<hi rend=""sup"">t</hi>. his hands lifted<lb/> up &amp;c. <note type=""colour"">white</note>
              <add rend=""underline""><material>amber</material></add> given<lb/> me by <persName> D
                  <hi rend=""sup"">r</hi>. <add rend=""underline"">Slare</add></persName>.</p>
            <p>
              
            </p>
          </div3>

          "
329,Dr . Bokelman,,,['1033'],Miscellanies.,EPF108491108,"-1033.
            A large
              white
              fungus ad ellychnia from
                Lapland wherein are stuck 2 daggers an aul & an augur from thence by D
                  r. Bokelman
            
              
              
              28. D.","<div3 xmlns=""http://www.tei-c.org/ns/1.0"" xmlns:ea=""http://www.enlightenmentarchitectures.org"">
            <ea:catnum type=""primary"" place=""margin"">-1033.</ea:catnum>
            <p>A <measure type=""sizeWeight"">large</measure>
              <note type=""colour"">white</note>
              <add rend=""underline""><material>fungus</material></add> ad ellychnia<lb/> from
                <placeName ref=""#Lapland"">Lapland</placeName> wherein are stuck 2 <add rend=""underline"">daggers</add><lb/> an aul &amp; an augur from thence by <persName>D
                  <hi rend=""sup"">r</hi>. <add rend=""underline"">Bokelman</add></persName></p>
            <p>
              
              <gap reason=""illegible""/>
              <add rend=""red"">28. D.</add>
            </p>
          </div3>




          "
353,Mr . Dupuys,,,['1123'],Miscellanies.,EPF108491114,"-1123.
            A peacock in wax. From M
                  r. Dupuys.
            
              
              19 f","<div3 xmlns=""http://www.tei-c.org/ns/1.0"" xmlns:ea=""http://www.enlightenmentarchitectures.org"">
            <ea:catnum type=""primary"" place=""margin"">-1123.</ea:catnum>
            <p><add rend=""underline"">A peacock</add> in <material>wax</material>. From <persName>M
                  <hi rend=""sup"">r</hi>. <add rend=""underline"">Dupuys</add></persName>.</p>
            <p>
              
              <add rend=""red"">19 f</add>
            </p>
          </div3>




          "
355,Caspar Antonio ,,,['1125'],Miscellanies.,EPF108491115,"-1125.
            A sophisticated artificiall Goa
                stone in imitation of those of Caspar Antonio
              .
            
              
              27. C.","<div3 xmlns=""http://www.tei-c.org/ns/1.0"" xmlns:ea=""http://www.enlightenmentarchitectures.org"">
            <ea:catnum type=""primary"" place=""margin"">-1125.</ea:catnum>
            <p>A sophisticated <material>artificiall <add rend=""underline"">Goa
                stone</add></material> in<lb/> imitation of those of <persName>Caspar <add rend=""underline"">Antonio</add>
              </persName>.</p>
            <p>
              
              <add rend=""red"">27. C.</add>
            </p>
          </div3>

          "
365,King William the 3d ,,,['1183'],Miscellanies.,EPF108491118,"-1183.
            A Busto of  King William the 3d
              . cutt in a Wal =nut shell.
            
              
              A.W.F. 1887.","<div3 xmlns=""http://www.tei-c.org/ns/1.0"" xmlns:ea=""http://www.enlightenmentarchitectures.org"">
            <ea:catnum type=""primary"" place=""margin"">-1183.</ea:catnum>
            <p>A Busto of <persName> King <add rend=""underline"">William</add> the 3<hi rend=""sup"">d</hi>
              </persName>. cutt in a <material>Wal<lb/> =nut shell</material>.</p>
            <p>
              
              <add hand=""later"">A.W.F. 1887.</add>
            </p>
          </div3>

          "
370,Mr. Geoffroy,,,[],Miscellanies.,EPF108491120,"Some of a glasse
                bottle which was made in a glasse house in France, Tis greenish & blewish in some
              places If putt into Spirit of nitre it turns mucilaginouse in Sp. Sal. more
              so & turns to a sort of alum in Sp. Vitriol. From Mr. Geoffroy Apothecary at
              Paris.
            
              
              -1204.
              20 J","<div3 xmlns=""http://www.tei-c.org/ns/1.0"" xmlns:ea=""http://www.enlightenmentarchitectures.org"">
            <p><measure>Some</measure> of a <add rend=""underline""><material>glasse</material>
                bottle</add> which was made in a glasse<lb/> house in <placeName ref=""#France"">France</placeName>, Tis greenish &amp; blewish in <measure>some</measure>
              places<lb/> If putt into Spirit of nitre it turns mucilaginouse<lb/> in Sp. Sal. more
              so &amp; turns to a sort of alum in<lb/> Sp. Vitriol. From <add rend=""underline""><persName>M<hi rend=""sup"">r</hi>. Geoffroy</persName></add> Apothecary at<lb/>
              <placeName ref=""#Paris"">Paris</placeName>.</p>
            <p>
              
              <ea:catnum type=""primary"" place=""margin"">-1204.</ea:catnum>
              <add rend=""red"">20 J</add>
            </p>
          </div3>

          "
377,Sr . Nicholas Waite,,,['1238'],Miscellanies.,EPF108491122,"-1238.
            Very large & strong
              paper given me by S
                  r. Nicholas Waite who
              brought it from the East Indies.","<div3 xmlns=""http://www.tei-c.org/ns/1.0"" xmlns:ea=""http://www.enlightenmentarchitectures.org"">
            <ea:catnum type=""primary"" place=""margin"">-1238.</ea:catnum>
            <p>Very <measure type=""sizeWeight"">large</measure> &amp; <note type=""texture"">strong</note>
              <material><add rend=""underline"">paper</add></material> given me<lb/> by <persName>S
                  <hi rend=""sup"">r</hi>. Nicholas <add rend=""underline"">Waite</add></persName> who
              brought it<lb/> from the <placeName ref=""#East_Indies"">East Indies</placeName>.</p>
            <p>
              
            </p>
          </div3>

          "
386,Dr. Covell.,,,['1271'],Miscellanies.,EPF108491124,"-1271.
            
              worn by RomanAgnus dei , crosses, &c  Catholics from  Dr. Covell.
            
              
              29 b","<div3 xmlns=""http://www.tei-c.org/ns/1.0"" xmlns:ea=""http://www.enlightenmentarchitectures.org"">
            <ea:catnum type=""primary"" place=""margin"">-1271.</ea:catnum>
            <p>
              worn by Roman<add rend=""underline"">Agnus dei</add> , crosses, &amp;c <lb/> Catholics from <persName> D<hi rend=""sup"">r</hi>. <add rend=""underline"">Covell.</add></persName></p>
            <p>
              
              <add rend=""red"">29 b</add>
            </p>
          </div3>

          "
390,Dr . Hubbert,,,['1284'],Miscellanies.,EPF108491126,"-1284.
            Sedimentum Tongr. From D
                  r. Hubbert. vid. Mineral Waters. see 28. W","<div3 xmlns=""http://www.tei-c.org/ns/1.0"" xmlns:ea=""http://www.enlightenmentarchitectures.org"">
            <ea:catnum type=""primary"" place=""margin"">-1284.</ea:catnum>
            <p><add rend=""underline""><material>Sedimentum</material> Tongr</add>. From <persName>D
                  <hi rend=""sup"">r</hi>. <add rend=""underline"">Hubbert</add></persName>. vid. <add rend=""underline"">Mineral Waters.</add><lb/> see 28. W</p>
            <p>
              
            </p>
          </div3>

          "
392,Mr . Elking,,,['1332'],Miscellanies.,EPF108491128,"-1332.
            The coat of an Indian from Davies's
                Straits made of Seal Skin. from M
                  r. Elking.  Tis a womans coat. wth a Mask or Cover for ye face of ye same skin.","<div3 xmlns=""http://www.tei-c.org/ns/1.0"" xmlns:ea=""http://www.enlightenmentarchitectures.org"">
            <ea:catnum type=""primary"" place=""margin"">-1332.</ea:catnum>
            <p>The <add rend=""underline"">coat</add> of an Indian from <placeName>Davies's
                Straits</placeName> made<lb/> of <material>Seal Skin</material>. from <persName>M
                  <hi rend=""sup"">r</hi>. <add rend=""underline"">Elking</add></persName>. <add hand=""shift""> Tis a womans<lb/> coat. w<hi rend=""sup"">th</hi> a <add rend=""underline"">Mask</add> or Cover for y<hi rend=""sup"">e</hi> face of y<hi rend=""sup"">e</hi> same skin.</add></p>
          </div3>

          "
411,Mr. P admore,,,['1396'],Miscellanies.,EPF108491131,"-1396.
            An alabaster bottle given me by
                  Mr. P
                  admore.
            
              
              25.","<div3 xmlns=""http://www.tei-c.org/ns/1.0"" xmlns:ea=""http://www.enlightenmentarchitectures.org"">
            <ea:catnum type=""primary"" place=""margin"">-1396.</ea:catnum>
            <p>An <add rend=""underline""><material>alabaster</material> bottle</add> given me by
                  <persName>M<hi rend=""sup"">r</hi>. <add rend=""underline"">P
                  admore</add></persName>.</p>
            <p>
              
              <add rend=""red"">25.</add>
            </p>
          </div3>

          "
415,Dr. Woodwards,,,['1423'],Miscellanies.,EPF108491132,"-1423.
            A black
              ebony
              Spear from Madagascar. From Dr. Woodwards collection.","<div3 xmlns=""http://www.tei-c.org/ns/1.0"" xmlns:ea=""http://www.enlightenmentarchitectures.org"">
            <ea:catnum type=""primary"" place=""margin"">-1423.</ea:catnum>
            <p>A <note type=""colour"">black</note>
              <material>ebony</material>
              <add rend=""underline"">Spear</add> from <placeName ref=""#Madagascar"">Madagascar</placeName>. From <persName>D<hi rend=""sup"">r</hi>. <add rend=""underline"">Woodwards</add></persName><lb/> collection.</p>
            <p>
              
            </p>
          </div3>

          "
418,Mrs . Smith,,,['1449'],Miscellanies.,EPF108491133,"-1449.
            Glasse made fitt for the handle of a
              seal wt. flowers inclosed in it blew , yellow
              green & purple . M
                  rs. Smith.","<div3 xmlns=""http://www.tei-c.org/ns/1.0"" xmlns:ea=""http://www.enlightenmentarchitectures.org"">
            <ea:catnum type=""primary"" place=""margin"">-1449.</ea:catnum>
            <p><add rend=""underline""><material>Glasse</material></add> made fitt for the handle of a
              seal w<hi rend=""sup"">t</hi>. flowers inclosed in<lb/> it <note type=""colour"">blew</note> , <note type=""colour"">yellow</note>
              <note type=""colour"">green</note> &amp; <note type=""colour"">purple</note> . <persName>M
                  <hi rend=""sup"">rs</hi>. Smith</persName>.</p>
            <p>
              
            </p>
          </div3>

          "
465,Dr . Short,,,['1615'],Miscellanies.,EPF108491141,"-1615.
            The sediment of Buckby waters?  D
                r. Short.
            
              
              67 C","<div3 xmlns=""http://www.tei-c.org/ns/1.0"" xmlns:ea=""http://www.enlightenmentarchitectures.org"">
            <ea:catnum type=""primary"" place=""margin"">-1615.</ea:catnum>
            <p>The <add rend=""underline"">sediment</add> of <placeName ref=""#Buckby"">Buckby</placeName> waters? <persName> D<gap reason=""illegible""/>
                <hi rend=""sup"">r</hi>. <add rend=""underline"">Short</add></persName>.</p>
            <p>
              
              <add rend=""red"">67 C</add>
            </p>
          </div3>




          "
473,Dr. Grew,,,['1636'],Miscellanies.,EPF108491143,"-1636
            Substances remaining from Experiment of Dr. Grews made wt. the
              German water sent him by his grace the Duke
                of Newcastle.  (vid mineral
                  waters )","<div3 xmlns=""http://www.tei-c.org/ns/1.0"" xmlns:ea=""http://www.enlightenmentarchitectures.org"">
            <ea:catnum type=""primary"" place=""margin"">-1636</ea:catnum>
            <p>Substances remaining from Experiment of <persName>D<hi rend=""sup"">r</hi>. <add rend=""underline"">Grew</add></persName>s made<lb/> w<hi rend=""sup"">t</hi>. the
              German <add rend=""underline"">water</add> sent him by his grace the <persName>Duke
                of<lb/> Newcastle</persName>. <add hand=""shift""> (vid <add rend=""underline"">mineral
                  waters</add> )</add></p>
            <p>
              
            </p>
          </div3>

          "
475,Mr. GodfroyJun r,,,['1637'],Miscellanies.,EPF108491143,"-1637.
            Chrysteaux de sel de soude depure
              from Mr. GodfroyJun
                  r. At Paris.
                 apothecary.
            
              
              67 C","<div3 xmlns=""http://www.tei-c.org/ns/1.0"" xmlns:ea=""http://www.enlightenmentarchitectures.org"">
            <ea:catnum type=""primary"" place=""margin"">-1637.</ea:catnum>
            <p><material>Chrysteaux de <add rend=""underline"">sel</add></material> de soude depure
              from <persName>M<hi rend=""sup"">r</hi>. <add rend=""underline"">Godfroy</add><lb/>Jun
                  <hi rend=""sup"">r</hi></persName>. At <placeName ref=""#Paris"">Paris</placeName>.
                <add hand=""shift""> apothecary.</add></p>
            <p>
              
              <add rend=""red"">67 C</add>
            </p>
          </div3>

          "
477,Mr. Graham Junr ,,,['1653'],Miscellanies.,EPF108491144,"-1653.
            Severall imbossed designs taken of upon white
              
              paper by Mr. Graham Junr
              .
            
              
              19. e.","<div3 xmlns=""http://www.tei-c.org/ns/1.0"" xmlns:ea=""http://www.enlightenmentarchitectures.org"">
            <ea:catnum type=""primary"" place=""margin"">-1653.</ea:catnum>
            <p>Severall imbossed <add rend=""underline"">designs</add> taken of upon <note type=""colour"">white</note>
              <lb/>
              <add rend=""underline""><material>paper</material></add> by <persName>M<hi rend=""sup"">r</hi>. <add rend=""underline"">Graham</add> Jun<hi rend=""sup"">r</hi>
              </persName>.</p>
            <p>
              
              <add rend=""red"">19. e.</add>
            </p>
          </div3>

          "
484,Mr . Newman,,,['1672'],Miscellanies.,EPF108491145,"-1672.
            A Javelin from Malacca used by the Inhabitants to stabb their enemies near them
              & to th row them at distance as a dart. from M
                  r. Newman.","<div3 xmlns=""http://www.tei-c.org/ns/1.0"" xmlns:ea=""http://www.enlightenmentarchitectures.org"">
            <ea:catnum type=""primary"" place=""margin"">-1672.</ea:catnum>
            <p>A <add rend=""underline"">Javelin</add> from <placeName ref=""#Malacca"">Malacca</placeName> used by the Inhabitants to stabb<lb/> their enemies near them
              &amp; to th <measure>row</measure> them at<lb/> distance as a dart. from <persName ref=""#Henry_Newman"">M
                  <hi rend=""sup"">r</hi>. <add rend=""underline"">Newman</add></persName>.</p>
            <p>
              
            </p>
          </div3>

          "
502,Govern r. Yale,,,['1721'],Miscellanies.,EPF108491148,"-1721.
            A very large
              shield from fort St.
                George in the
              East Indies by 
                 Govern
                r. Yale. made of an Elephant
                or rhinoc eros hide.","<div3 xmlns=""http://www.tei-c.org/ns/1.0"" xmlns:ea=""http://www.enlightenmentarchitectures.org"">
            <ea:catnum type=""primary"" place=""margin"">-1721.</ea:catnum>
            <p>A very <measure type=""sizeWeight"">large</measure>
              <add rend=""underline"">shield</add> from <placeName>fort S<hi rend=""sup"">t</hi>.
                George</placeName> in the<lb/>
              <placeName ref=""#East_Indies"">East Indies</placeName> by <persName ref=""#Elihu_Yale"">
                 Govern
                <hi rend=""sup"">r</hi>. <add rend=""underline"">Yale</add></persName>. made of an <material>Elephant
                or rhinoc<lb/> eros hide</material>.</p>
            <p>
              
            </p>
          </div3>

          "
530,Mr. Seguier,,,['1798'],Miscellanies.,EPF108491152,"-1798.
            Part of a Hayrick burnt in France & lighting from Mr. Seguier.","<div3 xmlns=""http://www.tei-c.org/ns/1.0"" xmlns:ea=""http://www.enlightenmentarchitectures.org"">
            <ea:catnum type=""primary"" place=""margin"">-1798.</ea:catnum>
            <p>Part of a <add rend=""underline"">Hayrick</add> burnt in <placeName ref=""#France"">France</placeName> &amp; lighting from <persName>M<hi rend=""sup"">r</hi>. <add rend=""underline"">Seguier</add></persName>.</p>
            <p>
              
            </p>
          </div3>

        "
539,Mr Charles de la fontaine,,,['755'],Antiquities.,EPF108491155v,"-755.
            Some
              tessella taken from a Roman pavement 20 foot Sqr. of sevll. colours found in Cotterstock field near
              Oundle in Northamptonshire given me by Mr
                Charles de la fontaine. See a Gazetteer.","<div3 xmlns=""http://www.tei-c.org/ns/1.0"" xmlns:ea=""http://www.enlightenmentarchitectures.org"">
            <ea:catnum type=""primary"" place=""margin"">-755.</ea:catnum>
            <p><measure>Some</measure>
              <add rend=""underline"">tessella</add> taken from a Roman pavement <measure type=""sizeWeight"">20 foot Sq<hi rend=""sup"">r</hi>.</measure><lb/> of sev<hi rend=""sup"">ll</hi>. colours found in <placeName ref=""#Cotterstock"">Cotterstock</placeName> field near<lb/>
              <placeName ref=""#Oundle"">Oundle</placeName> in <placeName ref=""#Northamptonshire"">Northamptonshire</placeName> given me by <persName>M<hi rend=""sup"">r</hi><lb/>
                Charles de la <add rend=""underline"">fontaine</add></persName>. See a Gazetteer.</p>
            <p>
              
            </p>
          </div3>

          "
574,Dr. Br,,,['139'],Antiquities.,EPF108491168,"-139.
            A piece of an urn of gray
              earth. -
               Dr. Br.","<div3 xmlns=""http://www.tei-c.org/ns/1.0"" xmlns:ea=""http://www.enlightenmentarchitectures.org"">
            <ea:catnum type=""primary"" place=""margin"">-139.</ea:catnum>
            <p>A <measure>piece</measure> of an <add rend=""underline"">urn</add> of <note type=""colour"">gray</note>
              <material>earth</material>. -<lb/>
              <persName> D<hi rend=""sup"">r</hi>. <add rend=""underline"">Br</add></persName>.</p>
            <p>
              
            </p>
          </div3>

          "
576,E. B. ,,,['144'],Antiquities.,EPF108491168,"-144.
            An old Roman key found at  in Hungarie by my son E. B.
              1669. an a fibula ? wt. 2 ancient brasse pieces of a fibula ? wt. other pieces of fibula from Reculver cliffe in
                Kent.","<div3 xmlns=""http://www.tei-c.org/ns/1.0"" xmlns:ea=""http://www.enlightenmentarchitectures.org"">
            <ea:catnum type=""primary"" place=""margin"">-144.</ea:catnum>
            <p>An old Roman <add rend=""underline"">key</add> found at <lb/> in <placeName ref=""#Hungary"">Hungarie</placeName> by my son <persName>E. <add rend=""underline"">B.</add>
              </persName>1669.<lb/> an a <add rend=""underline"">fibula</add> ? w<hi rend=""sup"">t</hi>. 2 ancient <material>brasse</material><lb/> pieces of a <add rend=""underline"">fibula</add> ? w<hi rend=""sup"">t</hi>. other pieces of <add rend=""underline"">fibula</add><lb/> from <placeName ref=""#Reculver"">Reculver</placeName> cliffe in
                <placeName ref=""#Kent"">Kent</placeName>.</p>
            <p>
              
            </p>
          </div3>




          "
577,Dr. Br,,,['145'],Antiquities.,EPF108491169,"-145.
            One of the pieces of ancient Mosaic work? 
                  Dr. Br.","<div3 xmlns=""http://www.tei-c.org/ns/1.0"" xmlns:ea=""http://www.enlightenmentarchitectures.org"">
            <ea:catnum type=""primary"" place=""margin"">-145.</ea:catnum>
            <p>One of the pieces of ancient <add rend=""underline"">Mosaic</add><lb/> work? <persName>
                  D<hi rend=""sup"">r</hi>. <add rend=""underline"">Br</add></persName>.</p>
            <p>
              
              <gap reason=""illegible""/>
            </p>
          </div3>

          "
578,Dr. Br,,,['146'],Antiquities.,EPF108491169,"-146.
            A  hite large
              piece of W marble
              blackned over for the same?
                 Dr. Br.","<div3 xmlns=""http://www.tei-c.org/ns/1.0"" xmlns:ea=""http://www.enlightenmentarchitectures.org"">
            <ea:catnum type=""primary"" place=""margin"">-146.</ea:catnum>
            <p>A  hite <measure type=""sizeWeight"">large</measure>
              <measure>piece</measure> of W <add rend=""underline"">marble</add><lb/>
              <note type=""colour"">blackned</note> over for<gap reason=""illegible""/> the same?
                <persName> D<hi rend=""sup"">r</hi>. <add rend=""underline"">Br</add></persName>.</p>
            <p>
              
            </p>
          </div3>

          "
579,Dr. Br,,,['148'],Antiquities.,EPF108491169,"-148.
            A piece of a brick out of the old
              Roman arch at Carnuntum nigh Petro= =nell
              3 German miles from Presburg 7 from
                Vienna.  Dr. Br.","<div3 xmlns=""http://www.tei-c.org/ns/1.0"" xmlns:ea=""http://www.enlightenmentarchitectures.org"">
            <ea:catnum type=""primary"" place=""margin"">-148.</ea:catnum>
            <p>A <measure>piece</measure> of a <add rend=""underline"">brick</add> out of the old<lb/>
              Roman arch at <placeName ref=""#Carnuntum"">Carnuntum</placeName> nigh Petro=<lb/> =nell
              3 German miles from <placeName ref=""#Bratislava"">Presburg</placeName> 7<lb/> from
                <placeName ref=""#Vienna"">Vienna</placeName>. <persName> D<hi rend=""sup"">r</hi>. <add rend=""underline"">Br</add></persName>.</p>
            <p>
              
            </p>
          </div3>

          "
601,Mr. Holiday,,,['183'],Antiquities.,EPF108491174,"-183.
            Tesseræ Badenses curiosiores quia crucem eruditis figunt.
               Jo. Bapt. Ottius sent them to
                  Mr.
                Holiday who gave them to me.","<div3 xmlns=""http://www.tei-c.org/ns/1.0"" xmlns:ea=""http://www.enlightenmentarchitectures.org"">
            <ea:catnum type=""primary"" place=""margin"">-183.</ea:catnum>
            <p><add rend=""underline"">Tesseræ Badenses</add> curiosiores<lb/> quia crucem eruditis figunt.<lb/>
              <persName> Jo. Bapt. <add rend=""underline"">Ottius</add></persName> sent them to
                  <persName>M<hi rend=""sup"">r</hi>.<lb/>
                <add rend=""underline"">Holiday</add></persName> who gave them to me.</p>
            <p>
              
            </p>
          </div3>

          "
604,Dr . Brooks,,,['188'],Antiquities.,EPF108491174,"-188.
            A piece of a white tesselated or
              Mosaic work pavement found near
              Bourne in Sussex. given me by D
                  r.
                Brooks.","<div3 xmlns=""http://www.tei-c.org/ns/1.0"" xmlns:ea=""http://www.enlightenmentarchitectures.org"">
            <ea:catnum type=""primary"" place=""margin"">-188.</ea:catnum>
            <p>A <measure>piece</measure> of a <note type=""colour"">white</note> tesselated or<lb/>
              <add rend=""underline"">Mosaic work pavement</add> found near<lb/>
              <placeName ref=""#Bourne_Sussex"">Bourne in Sussex</placeName>. given me by <persName>D
                  <hi rend=""sup"">r</hi>.<lb/>
                <add rend=""underline"">Brooks</add></persName>.</p>
            <p>
              
              <gap reason=""illegible""/>
            </p>
          </div3>

          "
640,Mr . Gale,,,['238'],Antiquities.,EPF108491177,"-238.
            The same
              broader & shorter from
              Kiddall in Yorkshire near Leeds found in
              the grounds of Wm. Ellis
                  Esqr. & given me by  Dr. Richardson. M
                  r.
                Gale showed me one in the mould from
              Yorkshire. Id.
              
               L 3 1/8
            X
            
              
            
            
              A.W.F. 1853.","<div3 xmlns=""http://www.tei-c.org/ns/1.0"" xmlns:ea=""http://www.enlightenmentarchitectures.org"">
            <ea:catnum type=""primary"" place=""margin"">-238.</ea:catnum>
            <p>The <add rend=""underline"">same</add>
              <measure type=""shape"">broader</measure> &amp; <measure type=""shape"">shorter</measure> from<lb/>
              <placeName ref=""#Kiddall"">Kiddall in Yorkshire near Leeds</placeName> found<lb/> in
              the grounds of <persName>W<hi rend=""sup"">m</hi>. <add rend=""underline"">Ellis</add>
                  Esq<hi rend=""sup"">r</hi></persName>. &amp;<lb/> given me by <persName> D<hi rend=""sup"">r</hi>. <add rend=""underline"">Richardson</add></persName>. <persName>M
                  <hi rend=""sup"">r</hi>.<lb/>
                <add rend=""underline"">Gale</add></persName> showed me one in the mould from<lb/>
              <placeName ref=""#Yorkshire"">Yorkshire</placeName>. <abbr>Id.</abbr>
              <figure rend=""pen""/>
              <add hand=""shift""> L 3 1/8</add></p>
            <metamark rend=""red"">X</metamark>
            <p>
              
            </p>
            <p>
              <add hand=""later"">A.W.F. 1853.</add>
            </p>
          </div3>

          "
641,Mr . Cadogan,,,['1127'],Antiquities.,EPF108491177v,"1127.
            
               A blew flower an  Hyacinth Modern made at Room & given me by My Grandson M
                    r. Cadogan","<div3 xmlns=""http://www.tei-c.org/ns/1.0"" xmlns:ea=""http://www.enlightenmentarchitectures.org"">
            <ea:catnum type=""primary"" place=""margin"">1127.</ea:catnum>
            <p>
              <add hand=""shift""> A <note type=""colour"">blew</note> flower an <gap reason=""illegible""/> Hyacinth Modern<lb/> made at Room &amp; given me by My<lb/> Grandson <persName>M
                    <hi rend=""sup"">r</hi>. Cadogan</persName></add>
            </p>
          </div3>

          "
642,Mr . Wm. Watson,,,[],Antiquities.,EPF108491177v,"Tiles taken from Roman baths at Bath given by M
                  r. Wm. Watson.

            Given by  Smart Lethieullier Esqr.","<div3 xmlns=""http://www.tei-c.org/ns/1.0"" xmlns:ea=""http://www.enlightenmentarchitectures.org"">
            <p>Tiles taken from Roman baths at <placeName>Bath<lb/></placeName> given by <persName>M
                  <hi rend=""sup"">r</hi>. W<hi rend=""sup"">m</hi>. Watson</persName>.</p>

            <p>Given by <persName> Smart Lethieullier</persName> Esq<hi rend=""sup"">r</hi>.</p>
          </div3>

          "
647,Colonel William Lethieullier,,,[],Antiquities.,EPF108491178v,"The Bequest of Colonel William
                Lethieullier Left by his will dated july 23. 1755.","<div3 xmlns=""http://www.tei-c.org/ns/1.0"" xmlns:ea=""http://www.enlightenmentarchitectures.org"">
            <p>
              <add hand=""later""> The Bequest of <persName>Colonel William
                Lethieullier</persName><lb/> Left by his will dated july 23. 1755.</add>
            </p>
          </div3>
          "
657,Dr. Woodwards,,,['259'],Antiquities.,EPF108491179,"-259.
            Another dugg up near Bishops gate. 1707. from
               Dr. Woodwards
              collection. No. 9.","<div3 xmlns=""http://www.tei-c.org/ns/1.0"" xmlns:ea=""http://www.enlightenmentarchitectures.org"">
            <ea:catnum type=""primary"" place=""margin"">-259.</ea:catnum>
            <p><add rend=""underline"">Another</add> dugg up near <placeName ref=""#Bishopsgate"">Bishops gate</placeName>. 1707. from<lb/>
              <persName> D<hi rend=""sup"">r</hi>. <add rend=""underline"">Woodwards</add></persName>
              collection. N<hi rend=""sup"">o</hi>. 9.</p>

          </div3>

          "
663,Sloane Sir Hans ,,,[],Antiquities.,EPF108491180a,Sloane Sir Hans,"<div3 xmlns=""http://www.tei-c.org/ns/1.0"" xmlns:ea=""http://www.enlightenmentarchitectures.org"">
            <p>
              <persName> Sloane Sir Hans </persName>
            </p>
            <gap reason=""illegible""/>
          </div3>

          "
666,Colonel Lethieullier's,,,[],Antiquities.,EPF108491182v,"A  ghtMummy in its sycamore Coffin brought from Egypt by the donor. The
              Hieroglyphics are yet very plain on the breast and Legs, as likewise on two
              separate covers, one for the face and the other for the feet, the coffin is
              fashioned to the shape of the corps, with the face and covering on the Head,
              cut in relief upon the upper part of the Lid. The remainder of which seems to
              have been ornamented wt hieroglyphics painted upon it,
              like those on the coffin above described in Number 2 of Colonel
                Lethieullier's. But Time has in a great measure defaced them, except
              on the Breast and belly, where they are still very visible. Len  of the Body 5 feet 4 inches. breadth, cross the shoulders 1
              foot 3 inches, Lenght of the Coffin 5 feet 10 inches.","<div3 xmlns=""http://www.tei-c.org/ns/1.0"" xmlns:ea=""http://www.enlightenmentarchitectures.org"">
            <p>A  ght<add rend=""underline"">Mummy</add> in its sycamore <add rend=""underline"">Coffin</add> brought<lb/> from Egyp<hi rend=""sup"">t</hi> by the donor. The
              Hieroglyphics<lb/> are yet very plain on the breast and Legs, as<lb/> likewise on two
              separate covers, one for the face<lb/> and the other for the feet, the coffin is
              fashioned<lb/> to the shape of the corps, with the face and covering<lb/> on the Head,
              cut in relief upon the upper part of<lb/> the Lid. The remainder of which seems to
              have been<lb/> ornamented w<hi rend=""sup"">t</hi> hieroglyphics painted upon it,
              like<lb/> those on the coffin above described in Number 2<lb/> of <persName>Colonel
                Lethieullier's</persName>. But Time has in a great<lb/> measure defaced them, except
              on the Breast and<lb/> belly, where they are still very visible. Len <lb/> of the Body 5 feet 4 inches. breadth, cross the<lb/> shoulders 1
              foot 3 inches, Lenght of the Coffin<lb/> 5 feet 10 inches.</p>
          </div3>

          "
667,Colonel Lethieulliers,,,['1'],Antiquities.,EPF108491182v,"1
            Osiris with his attributes, like those before
              descri= bed in Number 2 of Colonel Lethieulliers.
              Height, 3 7/8 inches, on a wooden Pedestal.","<div3 xmlns=""http://www.tei-c.org/ns/1.0"" xmlns:ea=""http://www.enlightenmentarchitectures.org"">
            <ea:catnum type=""primary"" place=""margin"">1</ea:catnum>
            <p><add rend=""underline"">Osiris</add> with his attributes, like those before
              descri=<lb/> bed in Number 2 of <persName>Colonel Lethieulliers</persName>.
              Height,<lb/> 3 7/8 inches, on a wooden Pedestal.</p>
            <p>
              
            </p>
          </div3>

          "
682,Dr. Woodwards,,,['405'],Antiquities.,EPF108491188,"-405.
            A cast of an ancient head in plaister of
                Paris from.
               Dr. Woodwards
              collection No. 6. p. 257.","<div3 xmlns=""http://www.tei-c.org/ns/1.0"" xmlns:ea=""http://www.enlightenmentarchitectures.org"">
            <ea:catnum type=""primary"" place=""margin"">-405.</ea:catnum>
            <p>A cast of an ancient <add rend=""underline"">head</add> in <material>plaister of
                Paris</material> from.<lb/>
              <persName> D<hi rend=""sup"">r</hi>. <add rend=""underline"">Woodwards</add></persName>
              collection No. 6. p. 257.</p>
          </div3>

          "
712,Cardinal Gualt ieris,,,['535'],Antiquities.,EPF108491198,"-535.
            A Roman Soaldjer in armour. From  Cardinal Gualt
                ieris collection. Æn.","<div3 xmlns=""http://www.tei-c.org/ns/1.0"" xmlns:ea=""http://www.enlightenmentarchitectures.org"">
            <ea:catnum type=""primary"" place=""margin"">-535.</ea:catnum>
            <p>A Roman <add rend=""underline"">Soaldjer</add> in armour. From <persName> Cardinal <add rend=""underline"">Gualt</add><lb/>
                <add rend=""underline"">ieris</add></persName> collection. Æn.</p>
            <p>
              
            </p>
          </div3>

          "
714,Cardinall Gualteris,,,['576'],Antiquities.,EPF108491200,"-576.
            A sepulchrall lamp of Gray
              earth or clay wt. an
              Eagle wt. expanded wings & Jupiters head. From  Cardinall
                Gualteris collection. Letters at bottom
              obliterated.
            
              
              
              A.W.F. 1852.","<div3 xmlns=""http://www.tei-c.org/ns/1.0"" xmlns:ea=""http://www.enlightenmentarchitectures.org"">
            <ea:catnum type=""primary"" place=""margin"">-576.</ea:catnum>
            <p>A sepulchrall <add rend=""underline"">lamp</add> of <note type=""colour"">Gray</note>
              <material>earth</material> or <material>clay</material> w<hi rend=""sup"">t</hi>. an
              Eagle<lb/> w<hi rend=""sup"">t</hi>. expanded wings &amp; Jupiters head. From <persName> Cardinall<lb/>
                <add rend=""underline"">Gualteris</add></persName> collection. Letters at bottom
              obliterated.</p>
            <p>
              
              
              <add hand=""later"">A.W.F. 1852.</add>
            </p>
          </div3>

          "
719,Cardinall Gualtieri's,,,['654'],Antiquities.,EPF108491204,"-654.
            An old Roman Horselock from  Cardinall Gualtieri's Collection.","<div3 xmlns=""http://www.tei-c.org/ns/1.0"" xmlns:ea=""http://www.enlightenmentarchitectures.org"">
            <ea:catnum type=""primary"" place=""margin"">-654.</ea:catnum>
            <p>An old Roman <add rend=""underline"">Horselock</add> from <persName> Cardinall <add rend=""underline"">Gualtieri's</add></persName><lb/> Collection.</p>
            <p>
              
            </p>
          </div3>

          "
724,Oli: Cromwell ,,,['9'],Impressions of Seals &c.,EPF108491208,"-9.
            
              
                Oli: Cromwell
              
              
              
              It is busto taken off in head.","<div3 xmlns=""http://www.tei-c.org/ns/1.0"" xmlns:ea=""http://www.enlightenmentarchitectures.org"">
            <ea:catnum type=""primary"" place=""margin"">-9.</ea:catnum>
            <p>
              <persName>
                <add rend=""underline"">Oli: Cromwell</add>
              </persName>
              
              <lb/>
              <add rend=""underline"">It is busto taken off in head.</add>
            </p>
            <p>
              
            </p>
          </div3>

          "
738,Duke ,,,['143'],Impressions of Seals &c.,EPF108491220,"143.
            Horn soit qui mal y pense : in the Garter round the
              Coat of Arms of the Duke  In Lead, small.","<div3 xmlns=""http://www.tei-c.org/ns/1.0"" xmlns:ea=""http://www.enlightenmentarchitectures.org"">
            <ea:catnum type=""primary"" place=""margin"">143.</ea:catnum>
            <p><add rend=""underline"">Horn soit qui mal y pense</add> : in the Garter round the<lb/>
              Coat of Arms of the <persName ref=""#Duke_of_Monmouth"">Duke </persName><lb/> In Lead, small.</p>
            <p>
              
            </p>
          </div3>

          "
740,Oliver Cromwell's,,,['160'],Impressions of Seals &c.,EPF108491222,"160.
            An impression in red
              wax of  Oliver
                Cromwell's head from  Mr. Ranby's Seal cut by Claus?","<div3 xmlns=""http://www.tei-c.org/ns/1.0"" xmlns:ea=""http://www.enlightenmentarchitectures.org"">
            <ea:catnum type=""primary"" place=""margin"">160.</ea:catnum>
            <p>An <measure>impression</measure> in <note type=""colour"">red</note>
              <material>wax</material> of <persName ref=""#Oliver_Cromwell""> Oliver
                <add rend=""underline"">Cromwell's</add></persName> head<lb/> from <persName> M<hi rend=""sup"">r</hi>. Ranby</persName>'s Seal cut by Claus?</p>
            <p>
              
            </p>
          </div3>

          "
750,M Vander Elstr ,,,['189'],Impressions of Seals &c.,EPF108491225,"189.
            
                Oli. Cromwel. Milit.
                Parl. Dux gen. Over His Bust struck in Copper at ye
              Tower, this month of August 1738. from a Dye said to be lately discover'd in
                Holland. Given by M Vander Elstr
                  . N B. It seems to be the same,
              or very nearly like No. 9. only here the upper
                part of ye Dye seems to be broke off:
              and tis said that in continu= ing to Strike off more, the Dye was lately
              broke into three pieces.","<div3 xmlns=""http://www.tei-c.org/ns/1.0"" xmlns:ea=""http://www.enlightenmentarchitectures.org"">
            <ea:catnum type=""primary"" place=""margin"">189.</ea:catnum>
            <p><persName>
                <add rend=""underline"">Oli. Cromwel</add></persName>.<add rend=""underline""> Milit.
                Parl. Dux gen</add>. Over<lb/> His Bust struck in Copper at y<hi rend=""sup"">e</hi>
              Tower, this month<lb/> of August 1738. from a Dye said to be lately discover'd<lb/> in
                <placeName ref=""#Holland"">Holland</placeName>. Given by <persName>M Vander Elst<hi rend=""sup"">r</hi>
                  </persName>.<lb/> N B. It seems to be the same,
              or very nearly<lb/> like N<hi rend=""sup"">o</hi>. 9. only here the upper
                <measure>part</measure> of y<hi rend=""sup"">e</hi> Dye<lb/> seems to be broke off:
              and tis said that in continu=<lb/> ing to Strike off more, the Dye was lately
              broke<lb/> into three pieces.</p>
            <p>
              
              
            </p>
          </div3>

          "
772,Mrs. Pritchard,,,['8'],Pictures &c.,EPF108491238,"-8.
            A busto of a man in black lead
                
              
              TDackett ad viv. delin. 1684. bought
              of 
              Mrs. Pritchard -
              - - - 0. 10. 0.","<div3 xmlns=""http://www.tei-c.org/ns/1.0"" xmlns:ea=""http://www.enlightenmentarchitectures.org"">
            <ea:catnum type=""primary"" place=""margin"">-8.</ea:catnum>
            <p>A <add rend=""underline"">busto</add> of a man in <note type=""colour"">black</note> lead
                <gap reason=""illegible""/>
              <lb/>
              <persName><add rend=""underline"">TDackett</add></persName> ad viv. delin. 1684. bought
              of <lb/>
              <persName>M<hi rend=""sup"">rs</hi>. <add rend=""underline"">Pritchard</add></persName> -
              - - - <note type=""value"">0. 10. 0.</note>
            </p>
            <p>
              
            </p>
          </div3>

          "
797,George Duke of Albemarle ,,,['57'],Pictures &c.,EPF108491242,"57.
            George Duke of Albemarle
              .","<div3 xmlns=""http://www.tei-c.org/ns/1.0"" xmlns:ea=""http://www.enlightenmentarchitectures.org"">
            <ea:catnum type=""primary"" place=""margin"">57.</ea:catnum>
            <p><persName>George Duke of <add rend=""underline"">Albemarle</add>
              </persName>.</p>
          </div3>


          "
809,Tholouze ,,,['82'],Pictures &c.,EPF108491244,"82.
            Grasshoppers by Tholouze
              .
            
              
              V b","<div3 xmlns=""http://www.tei-c.org/ns/1.0"" xmlns:ea=""http://www.enlightenmentarchitectures.org"">
            <ea:catnum type=""primary"" place=""margin"">82.</ea:catnum>
            <p><add rend=""underline"">Grasshoppers</add> by <persName><add rend=""underline"">Tholouze</add>
              </persName>.</p>
            <p>
              
              <add rend=""red"">V b</add>
            </p>
          </div3>

          "
865,Lord Arundells ,,,['200'],Pictures &c.,EPF108491253,"-200.
            Lord Arundells
              picture on board. 
              0. 10. 00.","<div3 xmlns=""http://www.tei-c.org/ns/1.0"" xmlns:ea=""http://www.enlightenmentarchitectures.org"">
            <ea:catnum type=""primary"" place=""margin"">-200.</ea:catnum>
            <p><persName>Lord <add rend=""underline"">Arundells</add>
              </persName>picture on board. 
              <note type=""value"">0. 10. 00.</note></p>
            <p>
              
              
            </p>
          </div3>

          "
873,Mr . Hugh,,,['212'],Pictures &c.,EPF108491255,"-212.
            A piece of marble stained like  a
              painting in archtecture or  rather a past done 1702. by
              --- at Vienna & brought by M
                  r. Hugh
              16. 00. 00.
            
              
              vid 196","<div3 xmlns=""http://www.tei-c.org/ns/1.0"" xmlns:ea=""http://www.enlightenmentarchitectures.org"">
            <ea:catnum type=""primary"" place=""margin"">-212.</ea:catnum>
            <p>A <measure>piece</measure> of <add rend=""underline"">marble</add> stained like <lb/> a
              painting in <add rend=""underline"">archtecture</add> or <lb/> rather a <add rend=""underline"">past</add> done <metamark function=""carets"">1702.</metamark> by
              ---<lb/> at <placeName ref=""#Vienna"">Vienna</placeName> &amp; brought by <persName>M
                  <hi rend=""sup"">r</hi>. <add rend=""underline"">Hugh</add></persName>
              <note type=""value"">16. 00. 00.</note></p>
            <p>
              
              <add rend=""ink"">vid 196</add>
            </p>
          </div3>

          "
875,Dr. Br,,,['219'],Pictures &c.,EPF108491256,"-219.
            A piece of dead birds  Dr. Br.","<div3 xmlns=""http://www.tei-c.org/ns/1.0"" xmlns:ea=""http://www.enlightenmentarchitectures.org"">
            <ea:catnum type=""primary"" place=""margin"">-219.</ea:catnum>
            <p>A piece of dead birds <persName> D<hi rend=""sup"">r</hi>. <add rend=""underline"">Br</add></persName>.</p>
            <p>
              
            </p>
          </div3>

          "
884,,,,['242'],Pictures &c.,EPF108491258,"-242.
            A man & horse in a frame from 
              s
              0. 5. 0.","<div3 xmlns=""http://www.tei-c.org/ns/1.0"" xmlns:ea=""http://www.enlightenmentarchitectures.org"" rend=""deleted"">
            <ea:catnum type=""primary"" place=""margin"">-242.</ea:catnum>
            <p>A <add rend=""underline"">man</add> &amp; horse in a frame from <lb/>
              <persName/>s
              <note type=""value"">0. 5. 0.</note></p>
          </div3>

          "
910,Olivar ,,,['276'],Pictures &c.,EPF108491262,"-276.
            
              Phillip the 2d. of Spain painted in miniature by 
                Olivar
              .","<div3 xmlns=""http://www.tei-c.org/ns/1.0"" xmlns:ea=""http://www.enlightenmentarchitectures.org"">
            <ea:catnum type=""primary"" place=""margin"">-276.</ea:catnum>
            <p><persName>
              <add rend=""underline"">Phillip</add> the 2<hi rend=""sup"">d</hi>.</persName> of <placeName ref=""#Spain"">Spain</placeName> painted<lb/> in miniature by <persName>
                <add rend=""underline"">Olivar</add>
              </persName>. </p>
            <p>
              
              
              
            </p>
          </div3>

          "
922,Mr . Warner,,,['288'],Pictures &c.,EPF108491263,"-288.
             Sr. Thomas Greshams picture or busto cutt in Peartree from M
                  r. Warner.
            
              
              158
              III J","<div3 xmlns=""http://www.tei-c.org/ns/1.0"" xmlns:ea=""http://www.enlightenmentarchitectures.org"">
            <ea:catnum type=""primary"" place=""margin"">-288.</ea:catnum>
            <p><persName> S<hi rend=""sup"">r</hi>. Thomas <add rend=""underline"">Greshams</add></persName> picture or busto<lb/> cutt in Peartree from <persName>M
                  <hi rend=""sup"">r</hi>. <add rend=""underline"">Warner</add></persName>.</p>
            <p>
              
              <add rend=""red"">158</add>
              <add rend=""red"">III J</add>
            </p>
          </div3>

          "
925,oliver,,,['289'],Pictures &c.,EPF108491263,"-289.
             to of Bustos emboss'd in a certain paste by 
                Abraham Symmonds on darkned
              glasse or black marble viz. His
              own busto wt. a long beard.
              Fielder the
                Vintner
              oliver the print seller. a
              Vintner. Id.
            
              
              III J
              C.H.R.","<div3 xmlns=""http://www.tei-c.org/ns/1.0"" xmlns:ea=""http://www.enlightenmentarchitectures.org"">
            <ea:catnum type=""primary"" place=""margin"">-289.</ea:catnum>
            <p> to of <add rend=""underline"">Bustos</add> emboss'd in a certain paste<lb/> by <persName>
                Abraham <add rend=""underline"">Symmonds</add></persName> on darkned<lb/>
              <material>glasse</material> or <note type=""colour"">black</note> marble viz.<lb/> His
              own busto w<hi rend=""sup"">t</hi>. a <measure type=""sizeWeight"">long</measure> beard.<lb/>
              <persName><add rend=""underline"">Fielder</add> the
                Vintner</persName><lb/>
              <persName><add rend=""underline"">oliver</add></persName> the print seller.<lb/> a
              Vintner. <add rend=""underline"">Id</add>.</p>
            <p>
              
              <add rend=""red"">III J</add>
              <add rend=""ink"">C.H.R.</add>
            </p>
          </div3>

          "
931,Mr . Dundasse,,,['295'],Pictures &c.,EPF108491263,"-295.
            The picture of the late  Queen Anne made in writing by M
                  r. Dundasse the
              Strokes & lines being proclamations, Speeches Psalms &c. contained in a
              book &c.
            
              
            V a","<div3 xmlns=""http://www.tei-c.org/ns/1.0"" xmlns:ea=""http://www.enlightenmentarchitectures.org"">
            <ea:catnum type=""primary"" place=""margin"">-295.</ea:catnum>
            <p>The picture of the late <persName> Queen <add rend=""underline"">Anne</add></persName><lb/> made in <add rend=""underline"">writing</add> by <persName>M
                  <hi rend=""sup"">r</hi>. <add rend=""underline"">Dundasse</add></persName><lb/> the
              Strokes &amp; lines being proclamations, Speeches<lb/> Psalms &amp;c. contained in a
              book &amp;c.</p>
            <p>
              
            <add rend=""red"">V a</add>
              </p>
          </div3>

          "
943,,,,['318'],Pictures &c.,EPF108491265,"-318.
            Imago I. de Labadie. A. M. Schurman fecit.
            
              
              21 R.","<div3 xmlns=""http://www.tei-c.org/ns/1.0"" xmlns:ea=""http://www.enlightenmentarchitectures.org"">
            <ea:catnum type=""primary"" place=""margin"">-318.</ea:catnum>
            <p>Imago I. de <persName/><add rend=""underline"">Labadie</add>. <persName>A. M. <add rend=""underline"">Schurman</add></persName> fecit.</p>
            <p>
              
              <add rend=""red"">21 R.</add>
            </p>
          </div3>

          "
947,John Fletcher ,,,['321'],Pictures &c.,EPF108491265,"-321.
            A sketch wt. a pen of the busto of John 
                Fletcher
              .","<div3 xmlns=""http://www.tei-c.org/ns/1.0"" xmlns:ea=""http://www.enlightenmentarchitectures.org"">
            <ea:catnum type=""primary"" place=""margin"">-321.</ea:catnum>
            <p>A sketch w<hi rend=""sup"">t</hi>. a pen of the busto of <persName>John 
                <add rend=""underline"">Fletcher</add>
              </persName>.</p>
            <p>
              
            </p>
          </div3>

          "
960,Queen Catherine,,,['357'],Pictures &c.,EPF108491267,"-357.
            A draught of Queen Catherine
              consort of Charles her great seal wt. an order of the Kings to Tho.
                Simmons to engrave it. Given me by
                  Mr. Green.
            
              
              V a","<div3 xmlns=""http://www.tei-c.org/ns/1.0"" xmlns:ea=""http://www.enlightenmentarchitectures.org"">
            <ea:catnum type=""primary"" place=""margin"">-357.</ea:catnum>
            <p>A draught of <persName>Queen <add rend=""underline"">Catherine</add></persName>
              consort of Charles<lb/> her <measure type=""sizeWeight"">great</measure> seal w<hi rend=""sup"">t</hi>. an order of the Kings to <persName>Tho.<lb/>
                <add rend=""underline"">Simmons</add></persName> to engrave it. Given me by
                  <persName>M<hi rend=""sup"">r</hi>. <add rend=""underline"">Green</add></persName>.</p>
            <p>
              
              <add rend=""red"">V a</add>
            </p>
          </div3>

          "
994,John Albert the 2d ,,,['405'],Pictures &c.,EPF108491270,"405.
            Amalia D.G. Princeps Kuviaca &c. 1626 Joh. Osborn. Ang.
              Amstorad. fecit. 1626. In Whalebon a bust. the wife of
              Henry Frederic prince of Orange married 1625 died 1675.
              Daughter of John Albert the 2d
              . Count of Solms.","<div3 xmlns=""http://www.tei-c.org/ns/1.0"" xmlns:ea=""http://www.enlightenmentarchitectures.org"">
            <ea:catnum type=""primary"" place=""margin"">405.</ea:catnum>
            <p><persName>Amalia</persName> D.G. Princeps Kuviaca &amp;c. 1626 <persName>Joh. Osborn</persName>. Ang.<lb/>
              Amstorad. fecit. 1626. In Whalebon a bust. the wife of<lb/>
              <persName>Henry Frederic prince of Orange</persName> married 1625 died 1675.
              Daughter<lb/> of <persName>John Albert the 2<hi rend=""sup"">d</hi>
              </persName>. Count of Solms.</p>
            <p>
              
              
            </p>
          </div3>

          "
1041,Dr . Waldo,,,['205'],Agate cups botles spoons &c.,EPF108491326,"-205.
            A Persian or Indian dagger the haft
               of which is made of Capis nephritieus
               of a light colour adorned wt. small rubies  From D
                  r. Waldo from
                suratte. 2. 2. 0.","<div3 xmlns=""http://www.tei-c.org/ns/1.0"" xmlns:ea=""http://www.enlightenmentarchitectures.org"">
            <ea:catnum type=""primary"" place=""margin"">-205.</ea:catnum>
            <p>A <placeName ref=""#Persia"">Persian</placeName> or Indian <add rend=""underline"">dagger</add> the <add rend=""underline"">haft</add>
              <lb/> of which is made of <add rend=""underline"">Capis nephritieus</add>
              <lb/> of a <measure type=""sizeWeight"">light</measure> colour adorned w<hi rend=""sup"">t</hi>. <measure type=""sizeWeight"">small</measure> rubies <lb/> From <persName>D
                  <hi rend=""sup"">r</hi>. <add rend=""underline"">Waldo</add></persName> from
                <placeName>suratte</placeName>. <note type=""value"">2. 2. 0.</note></p>
            <p>
              
            </p>
          </div3>

          "
