Miscellanies.,['Mr. Amyand.'],['East Indies'],['1799']
Miscellanies.,['Mr. Theobalds.'],['Norway'],['1801']
Miscellanies.,['Mr. Roberts'],[],['1806']
Miscellanies.,['Mr. M'],['Lisbon'],['1807']
Miscellanies.,[],['Lisbone'],['1808']
Miscellanies.,['Dr. Stuart'],['Malacca'],['1809']
Miscellanies.,[],['China'],['1810']
Miscellanies.,['Mr. Mc. Cormick'],"['Lisbon', 'Brasile']",['1812']
Miscellanies.,['Mr. Hodsun'],['China'],['1813']
Miscellanies.,['Mr. Launce'],['Guinea'],['1816']
Miscellanies.,[],['Malabar'],['1818']
Miscellanies.,[],['England'],['1819']
Miscellanies.,[],['London'],['1']
Miscellanies.,[],['Coromandel'],['4']
Miscellanies.,['father Fontenay'],['China'],['7']
Miscellanies.,[],['Persian'],['8']
Miscellanies.,['Mr. Cunningham'],['Tunquin'],['9']
Miscellanies.,['Dr. Waldo'],"['China', 'Suratte']",['12']
Miscellanies.,['Capt. Walker.'],['New England'],['1820']
Miscellanies.,['Capt. Walker'],"['Berbices', 'Surinam', 'West Indies']",['1822']
Miscellanies.,[],['Surinam'],['1823']
Miscellanies.,[],['Guinea'],['1830']
Miscellanies.,['Isaac Waldron Esq r'],"['hope near Bristol', 'Bristol']",['1831']
Miscellanies.,[],['Guinea'],['1833']
Miscellanies.,['Abraham Waldron?'],[],['1835']
Miscellanies.,[],['China'],['13']
Miscellanies.,[],['Isles of Scotland'],['14']
Miscellanies.,[],['Turkey'],['15']
Miscellanies.,[],"['Brasile', 'Brasile']",['16']
Miscellanies.,['Mr. Courtens'],[],['20']
Miscellanies.,[],['Brasile'],['21']
Miscellanies.,[],['Borneo'],['24']
Miscellanies.,[],['Japan'],['1837']
Miscellanies.,['Mr. Edwards'],['Hudsons Bay'],['1838']
Miscellanies.,['Dr. Massy'],['Hudsons bay'],['1843']
Miscellanies.,['Mr. Edwards'],['Hudsons bay'],['1844']
Miscellanies.,['M r. Collinson.'],['Carolina'],['1845']
Miscellanies.,[],['Canada'],['1846']
Miscellanies.,['Monsr. Gosset'],['Ireland'],['1847']
Miscellanies.,['Dr. Mortimer'],[],['1851']
Miscellanies.,[],['Turky'],['26']
Miscellanies.,[],['China'],['33']
Miscellanies.,['Mr. Gordon'],['Mexico'],['1852']
Miscellanies.,[],['China'],['1854']
Miscellanies.,[],['W.Indies'],['1855']
Miscellanies.,['D r. Massy'],['Hudsons bay'],['1856']
Miscellanies.,['Dr. Douce.'],[],['1857']
Miscellanies.,[],['E.India'],['1858']
Miscellanies.,['Duke of Bourbons'],[],['1859']
Miscellanies.,[],['Spaine'],['1860']
Miscellanies.,"['Mrs. Edwards.', 'Sr. Hans', 'J Empson']",[],['1861']
Miscellanies.,"['Lady Sondes.', 'Sr. Hans', 'Mr. Southwell']",[],['1862']
Miscellanies.,['Dampier'],[],['43']
Miscellanies.,[],['Guinea'],['44']
Miscellanies.,[],['Jamaica'],['45']
Miscellanies.,[],['Virginia'],['48']
Miscellanies.,[],['Turkish'],['52']
Miscellanies.,['M r. Styleman'],[],['1863']
Miscellanies.,['Mr. Bell.'],[],['1866']
Miscellanies.,['Capt. Midleton.'],"['Hudsons bay', 'Greenland']",['1867']
Miscellanies.,['Mr. Hoofnail'],['fountain court in the strand'],['1869']
Miscellanies.,['Mrs. Hepheshebah Parker'],['near Croydon'],['1871']
Miscellanies.,['Dr. Labe'],[],['1872']
Miscellanies.,['Mrs. Stephens'],[],['1874']
Miscellanies.,['Pet.'],[],['1876']
Miscellanies.,[],['E Indies'],['1877']
Miscellanies.,['Dr. Krieg'],['Livonia'],['55']
Miscellanies.,[],['Jamaica'],['56']
Miscellanies.,[],['Barbary'],['59']
Miscellanies.,['Mr.- Cunningham'],['Japan'],['64']
Miscellanies.,"['Mr. Pycolas', 'Vale. Vicor']",[],['1880']
Miscellanies.,[],['China'],['1881']
Miscellanies.,[],['N England'],['1884']
Miscellanies.,['Short'],[],['1891']
Miscellanies.,['Marcus Moses'],[],['1892']
Miscellanies.,['Pet'],[],['1895']
Miscellanies.,[],['Scotland'],['1896']
Miscellanies.,[],['Japan'],['78']
Miscellanies.,[],['Surinam'],['79']
Miscellanies.,[],['China'],['81']
Miscellanies.,[],['China'],['83']
Miscellanies.,[],['Jama'],['1901']
Miscellanies.,[],['Malaga'],['1902']
Miscellanies.,[],['Jamaica'],['1904']
Miscellanies.,[],['Thames'],['1906']
Miscellanies.,[],['Scotland'],['1911']
Miscellanies.,['Dr. Massy'],['China'],['1916']
Miscellanies.,[],['China'],['85']
Miscellanies.,[],['China'],['88']
Miscellanies.,[],['China'],['91']
Miscellanies.,[],['Jamaica'],['102']
Miscellanies.,['Mr. Collier.'],['Jerusalem'],['1921']
Miscellanies.,"['Dr. Douce,']",[],['1927']
Miscellanies.,[],['N. England'],['1930']
Miscellanies.,['Mr. Alexr Light'],['Hudsons streights'],['1933']
Miscellanies.,[],['Turkey'],['108']
Miscellanies.,[],['Barbary'],['109']
Miscellanies.,[],['Guiney'],['111']
Miscellanies.,['Mrs. Bernard -----'],[],['112']
Miscellanies.,[],['China'],['113']
Miscellanies.,"['Mrs. Hayes', 'Dr. Waldo']","['East India', 'East Indies']",['114']
Miscellanies.,['Mr. Lapthorn'],[],['115']
Miscellanies.,['Mr. Lapthorn'],['China'],['116']
Miscellanies.,[],['Persian'],['118']
Miscellanies.,['Father Fontenay'],['China'],['119']
Miscellanies.,['Mr. Doyly'],[],['122']
Miscellanies.,[],['Surinam'],['133']
Miscellanies.,['Capt Christophr. Middleton'],"[""Hudson's Streights""]",['1934']
Miscellanies.,[],['Angola'],['1935']
Miscellanies.,[],['Muscovy'],['1936']
Miscellanies.,"['Mr. Bewley', 'Mr. Reaumurs']",[],['1938']
Miscellanies.,[],['china'],['1939']
Miscellanies.,[],['Smyrna'],['1940']
Miscellanies.,[],['Spain'],['1943']
Miscellanies.,[],['India'],['1944']
Miscellanies.,[],['west Indian'],['1945']
Miscellanies.,[],['Japan'],['136']
Miscellanies.,[],['China'],['137']
Miscellanies.,[],['Japan'],['138']
Miscellanies.,[],['Japan'],['139']
Miscellanies.,['Mr. Millar'],['Jamaica'],['1969']
Miscellanies.,['Dr. Amman'],[],['1970']
Miscellanies.,[],['Jerusalem'],['150']
Miscellanies.,[],['Bethlem'],['151']
Miscellanies.,[],['Portugall'],['159']
Miscellanies.,['Dr. Amman'],[],['1980']
Miscellanies.,['Dr. Mortimer'],[],['1981']
Miscellanies.,['Mr. Padmore'],['Devonshire'],['1982']
Miscellanies.,['Dr. Maty'],[],['1984']
Miscellanies.,['Dr. Morton'],[],['1985']
Miscellanies.,['Dr. Maty'],[],['1987']
Miscellanies.,['Francisco Fiamengo'],[],['168']
Miscellanies.,[],['Japan'],['169']
Miscellanies.,[],['Japan'],['170']
Miscellanies.,[],"['West India', 'Canada']",['172']
Miscellanies.,"['Mr. Beddevoles', 'Mr. Marshall']",[],['176']
Miscellanies.,[],['China'],['1989']
Miscellanies.,[],['East Indian'],['1994']
Miscellanies.,['Mr. Wilson'],[],['179']
Miscellanies.,['Mr. Mellin'],[],['180']
Miscellanies.,"['Mr. Muss ch en broock', 'Prince of Orange', 'Mr. Desmarets.', 'Mr. Bentinck', 'K. James']",['Holland'],['181']
Miscellanies.,['Mr. Hawksbee.'],[],['182']
Miscellanies.,['Dr. Charlett'],[],['183']
Miscellanies.,['Mr. Pinfold.'],['China'],['184']
Miscellanies.,"['Campani', 'Mr. Lenoy.']",['Rome'],['185']
Miscellanies.,[],['Legorn'],['186']
Miscellanies.,[],['North America'],['1999']
Miscellanies.,['Mr. Haynes'],[],['2004']
Miscellanies.,[],['China'],['2005']
Miscellanies.,['Mrs. Waters'],[],['2008']
Miscellanies.,"['Charles 2d', 'Mr. Killigrew']",[],['2009']
Miscellanies.,['Oliver Cromwell'],[],['2010']
Miscellanies.,['Mr. Wilson'],[],['192']
Miscellanies.,"['Mr. Ste', 'Gray']",[],['194']
Miscellanies.,['Verle.'],[],['196']
Miscellanies.,[],['China'],['198']
Miscellanies.,['Mr. Villarmont'],['Canada'],['201']
Miscellanies.,[],['Canada'],['203']
Miscellanies.,[],['China'],['2012']
Miscellanies.,[],['Nurenberg'],['2013']
Miscellanies.,['Q. Elizabeth'],[],['2014']
Miscellanies.,['Dr. Hook'],[],['2017']
Miscellanies.,[],['Holland'],['2019']
Miscellanies.,['Mr. Adams'],"['Guinea', 'Ireland']",['2021']
Miscellanies.,[],"['E. India', 'China']",['2023']
Miscellanies.,[],['Persia'],['2024']
Miscellanies.,[],['Canada'],['204']
Miscellanies.,['Mr. Ranby'],[],['2029']
Miscellanies.,['Dr. Stack'],['Holland'],['2035']
Miscellanies.,['Mr. Paine'],['China'],['2036']
Miscellanies.,['Dr. Bartram'],[],['2037']
Miscellanies.,[],['Carolina'],['218']
Miscellanies.,[],['China'],['219']
Miscellanies.,['Mr. Cunning = =ham'],['China'],['221']
Miscellanies.,[],['Malabar'],['222']
Miscellanies.,['Dr. Bartram'],[],['2038']
Miscellanies.,[],"['Minorca', 'Barbary']",['2039']
Miscellanies.,['Mr. Cotts'],['Hudsons Bay'],['2040']
Miscellanies.,[],['Hudsons Bay'],['2045']
Miscellanies.,[],['Flintshire'],['2046']
Miscellanies.,[],['Streights of Magellan'],['225']
Miscellanies.,[],['Portugall'],['233']
Miscellanies.,[],['Scotland'],['234']
Miscellanies.,['Mr. Mason'],[],['2046']
Miscellanies.,['Mrs. Edwards'],['Flanders'],['2048']
Miscellanies.,['Mr Bell'],['Cornwall'],['2049']
Miscellanies.,[],['Guinea'],['2051']
Miscellanies.,[],['Holland'],['2054']
Miscellanies.,['Mr. Dandridges'],[],['2055']
Miscellanies.,[],['Lancashire'],['2056']
Miscellanies.,[],['Canada'],['237']
Miscellanies.,[],['China'],['238']
Miscellanies.,[],['Garmany'],['2057']
Miscellanies.,"['Capt: Hebden', ""King Charles's""]",[],['2058']
Miscellanies.,[],['Persia'],['2062']
Miscellanies.,"['Mr. Courtens', 'Father who']",['East Indies'],['2063']
Miscellanies.,[],['Santacruz'],['249']
Miscellanies.,[],['Portsmouth'],['254']
Miscellanies.,[],['China'],['258']
Miscellanies.,['Capt : Middleton'],"['Hudson bay', 'Canada']",['2065']
Miscellanies.,['Mr. Bartram'],"['Susquehama', 'delaware', 'Hudson river', 'Philadelphia']",['2067']
Miscellanies.,[],['Susquehama'],['2068']
Miscellanies.,[],['Roman'],['259']
Miscellanies.,[],['Turkish'],['262']
Miscellanies.,[],['Spain'],['263']
Miscellanies.,['Dr. Hook'],[],['266']
Miscellanies.,[],['China'],['267']
Miscellanies.,['Fa. Fo ntenay'],[],['269']
Miscellanies.,['Mr. Wright'],[],['2069']
Miscellanies.,['Mr. Seregold'],[],['2071']
Miscellanies.,[],['Virginia'],['2073']
Miscellanies.,[],['Roman'],['2074']
Miscellanies.,[],['Japan'],['272']
Miscellanies.,['Mr. Cunningham.'],"['Quoi', 'Quoi']",['273']
Miscellanies.,[],['Japan'],['274']
Miscellanies.,[],['Malabar'],['2076']
Miscellanies.,[],['Hudgson bay'],['2079']
Miscellanies.,['Mr. Winthorp'],['new England'],['2080']
Miscellanies.,['Miss Stanley'],[],['2081']
Miscellanies.,[],['Japan'],['2082']
Miscellanies.,[],['Naples'],['2083']
Miscellanies.,['Dr.Adair'],[],['289']
Miscellanies.,['Dr. Hamps'],[],['2086']
Miscellanies.,[],['New England'],['2088']
Miscellanies.,['Mr.. Wildy'],"['Germany', 'Pauls church yard']",['2092']
Miscellanies.,"['Green', 'Standish', 'Dr. Adairs-']",[],['290']
Miscellanies.,['Dr. Hampe'],[],['2095']
Miscellanies.,['Mr. Clark'],['Barbados'],['2096']
Miscellanies.,"['Dr. Stack', 'Mr. Brown']",['Peru'],['2097']
Miscellanies.,"['Duke of Cumberland', 'Sr. Isaac Newton', 'Pope Alexander VIII', 'Mr. John Jackson', 'Sr. Isaac Newton']",[],['2101']
Miscellanies.,"['Clemens XII', 'Mr. Scott']",[],['2102']
Miscellanies.,['Mr. Hawkeens'],['Oxfordshire.'],['2103']
Miscellanies.,[],['Flanders'],['2104']
Miscellanies.,['Mr. Fairweather'],['Mada= =gascar'],['2105']
Miscellanies.,['Mr. Geo Edwards'],[],['2106']
Miscellanies.,['Mr. Maidstone'],['China'],['316']
Miscellanies.,[],['Madagascar'],['2107']
Miscellanies.,"['James', 'Theobalds']",['Jamaica'],['2108']
Miscellanies.,['Mr. William Watson'],[],['2109']
Miscellanies.,"[""King Charles the Second's"", 'Willm. Hanbury Esqr']",['India'],['2110']
Miscellanies.,"['Mr. Hubert', 'Duke of Graffton']",['Geneva'],['2111']
Miscellanies.,[],['East Indies'],['321']
Miscellanies.,[],['new England'],['322']
Miscellanies.,['Father Fontaney'],[],['323']
Miscellanies.,['Dr. Slave'],['Borneo'],['324']
Miscellanies.,['Mr. Conyers'],[],['329']
Miscellanies.,"['Mr. Boyles', 'Dr. Hook']",[],['331']
Miscellanies.,['Dr. Hook.'],[],['334']
Miscellanies.,"['monsr. Schroter', 'S r. Rob. Moray']",[],['336']
Miscellanies.,[],['Westminster'],['338']
Miscellanies.,"['Lord Coler= =ane', 'Mr. Courten']",[],['341']
Miscellanies.,['Dr. Hook'],[],['349']
Miscellanies.,[],['France'],['359']
Miscellanies.,['Monsr. Villette'],"['Lyons', 'paris']",['364']
Miscellanies.,[],['West India'],['369']
Miscellanies.,[],['Brasile'],['370']
Miscellanies.,['Dr. Silvestre'],[],['391']
Miscellanies.,['Staphorst'],[],['392']
Miscellanies.,[],['Jamaica'],['402']
Miscellanies.,['Mr. Petiver'],[],['404']
Miscellanies.,[],['E. Indian'],['407']
Miscellanies.,"['Father Visdelon', 'Beauvilliers']","['China', 'China']",['415']
Miscellanies.,[],['China'],['422']
Miscellanies.,[],['Turkey'],['423']
Miscellanies.,[],['West Indies'],['426']
Miscellanies.,[],['Turkish'],['431']
Miscellanies.,"[""Lady Kent's""]",[],['437']
Miscellanies.,['Mr. Carmichael'],['Scotland'],['438']
Miscellanies.,['Dr. Sherard'],[],['439']
Miscellanies.,[],['China'],['441']
Miscellanies.,[],['Virginia'],['446']
Miscellanies.,[],['Virginia'],['447']
Miscellanies.,['Dr. Leigh'],['Darby shire'],['448']
Miscellanies.,[],['Turkey'],['450']
Miscellanies.,[],['Naples'],['453']
Miscellanies.,['Dr. Adair'],[],['455']
Miscellanies.,[],['Hampshire'],['457']
Miscellanies.,['Dr. Adair'],[],['458']
Miscellanies.,['Mr. Cunningham'],[],['462']
Miscellanies.,[],['Magell= an Streights'],['463']
Miscellanies.,[],['Japan'],['465']
Miscellanies.,['Dr. Hook'],[],['466']
Miscellanies.,['Father Fontaney'],['China'],['469']
Miscellanies.,[],['West Indians'],['473']
Miscellanies.,[],['Westminster'],['475']
Miscellanies.,[],['Portugall'],['480']
Miscellanies.,['Mr. Dampier'],[],['481']
Miscellanies.,[],['East India'],['485']
Miscellanies.,['Mr. Conyers'],[],['487']
Miscellanies.,[],['Hampshire'],['491']
Miscellanies.,['Dr. Stuart'],"['India', 'China']",['493']
Miscellanies.,['Dr. Stuart'],[],['496']
Miscellanies.,"['Lord Halifax', 'Duke of Marlborough']","['Brussels', 'Bavaria']",['499']
Miscellanies.,[],['India'],['500']
Miscellanies.,[],['East Indies'],['502']
Miscellanies.,[],['Jamaica'],['503']
Miscellanies.,[],['China'],['505']
Miscellanies.,[],['Streights of Magellan'],['507']
Miscellanies.,[],['Spain'],['513']
Miscellanies.,[],['Java'],['517']
Miscellanies.,[],['Persian'],['522']
Miscellanies.,['Mr. Robert Walker'],['China'],['529']
Miscellanies.,[],['Tourn'],['530']
Miscellanies.,[],['Joppa'],['531']
Miscellanies.,[],['Melo Island'],['532']
Miscellanies.,[],['East India'],['539']
Miscellanies.,"['Coll. Laws.', 'Coll. Laws']","['Campeche', 'Jamaica']",['540']
Miscellanies.,['Mrs. Sadler'],"['Guinea', 'Jamaica']",['543']
Miscellanies.,[],['Mounts mill'],['546']
Miscellanies.,['Mr. Gore'],['E. India'],['559']
Miscellanies.,[],['China'],['562']
Miscellanies.,['Mr. Orchard'],['China'],['564']
Miscellanies.,['Mr. Pinfold'],[],['566']
Miscellanies.,['Dr. Adair'],['East Indies'],['568']
Miscellanies.,['Mr. Chichele'],['Turkish'],['570']
Miscellanies.,['Mr. Middleton'],[],['573']
Miscellanies.,"['Sr. Charles Wager', 'Dr. Mead']",['Darien'],['579']
Miscellanies.,['Mr. Bernard'],['Scotland'],['580']
Miscellanies.,[],['East Indies'],['582']
Miscellanies.,[],"['Java', 'Macassar']",['584']
Miscellanies.,['Alexr. Brown'],[],['586']
Miscellanies.,[],['Guinea'],['588']
Miscellanies.,[],['Guinea'],['590']
Miscellanies.,[],['Guinea'],['592']
Miscellanies.,['Mr. Maidstone'],[],['593']
Miscellanies.,[],['New York'],['595']
Miscellanies.,['Dr. Brown'],"['Florence', 'Rome']",['596']
Miscellanies.,['Dr. Brown'],[],['597']
Miscellanies.,['Dr. Brown'],[],['599']
Miscellanies.,['D r. Brown'],[],['600']
Miscellanies.,['Dr. Brown'],[],['601']
Miscellanies.,['Dr. Br'],[],['602']
Miscellanies.,['Dr. Brown'],[],['603']
Miscellanies.,['Dr. Brown'],[],['604']
Miscellanies.,['Dr. Brown'],[],['605']
Miscellanies.,['Dr. Brown'],[],['606']
Miscellanies.,['Dr. Brown'],[],['607']
Miscellanies.,['Dr. Brown'],[],['609']
Miscellanies.,['Dr. Brown.'],[],['610']
Miscellanies.,['Dr. Br'],[],['612']
Miscellanies.,['Dr. Brown'],[],['613']
Miscellanies.,['D r. Brown.'],[],['614']
Miscellanies.,['Dr. Br'],[],['615']
Miscellanies.,['Dr. Br'],['China'],['616']
Miscellanies.,['Dr. Br'],[],['617']
Miscellanies.,['Dr. Brown'],['Turkey'],['618']
Miscellanies.,['Dr. Brown'],[],['619']
Miscellanies.,['Dr. Brown'],[],['621']
Miscellanies.,['Alex. Brown'],['Turkish'],['630']
Miscellanies.,['Mr. Alexr. Brown .'],['China'],['632']
Miscellanies.,['Alexr. Brown'],[],['633']
Miscellanies.,[],['Jerusalem'],['638']
Miscellanies.,['Al. Br.'],[],['639']
Miscellanies.,['Al. Br.'],[],['640']
Miscellanies.,['AL B.'],[],['641']
Miscellanies.,['Alexr. Br.'],[],['642']
Miscellanies.,['Al. Br.'],['Scotland'],['649']
Miscellanies.,"['M r. Wilson', 'Alexr. Brown']",[],['652']
Miscellanies.,['Mr. Wilsons microscopes'],[],['653']
Miscellanies.,[],"['Persian', 'Persian']",['657']
Miscellanies.,[],['Turkish'],['660']
Miscellanies.,['Hoffsted van Essen'],['Persian'],['663']
Miscellanies.,['Alexr. Brown'],[],['664']
Miscellanies.,['Alexr. Brown'],['China'],['665']
Miscellanies.,['Green'],['China'],['669']
Miscellanies.,['Dr. Br.'],['Flanders'],['670']
Miscellanies.,['Dr. Brown'],[],['671']
Miscellanies.,['Dr. Brown'],[],['672']
Miscellanies.,[],['East Indies'],['673']
Miscellanies.,['Dr. Br'],[],['674']
Miscellanies.,['Dr. Br.'],['Prussia'],['675']
Miscellanies.,['Dr. Br'],[],['676']
Miscellanies.,['Dr. Br'],[],['677']
Miscellanies.,['Dr. Br'],[],['678']
Miscellanies.,['Dr. Br'],[],['679']
Miscellanies.,['Dr. Br'],[],['680']
Miscellanies.,['Dr. Brown.'],[],['681']
Miscellanies.,['Dr. Br'],[],['682']
Miscellanies.,['Dr. Br'],[],['683']
Miscellanies.,['Dr. Br.'],[],['684']
Miscellanies.,"['D. Manuch', 'Mr. S. Br.']",[],['685']
Miscellanies.,['Dr. Br.'],[],['686']
Miscellanies.,['Dr. Browne'],[],['693']
Miscellanies.,['Dr. Brown'],[],['694']
Miscellanies.,['Dr. Cheyne.'],['Scotland'],['695']
Miscellanies.,[],['streights of Magellan'],['696']
Miscellanies.,[],['China'],['697']
Miscellanies.,"['Dr. Brown', 'Dr. Groenfield']",[],['698']
Miscellanies.,[],['East Indies'],['699']
Miscellanies.,[],['Spaine'],['700']
Miscellanies.,[],['East Indies'],['702']
Miscellanies.,[],['East Indies'],['703']
Miscellanies.,[],"['Streights of Magellan', 'terra del fuego']",['704']
Miscellanies.,[],"['East Indies', 'Suratte']",['705']
Miscellanies.,[],"['Persia', 'Turkey']",['707']
Miscellanies.,[],['Turkish'],['710']
Miscellanies.,[],['West Indies'],['719']
Miscellanies.,['Mr. Petiver'],"['East Indies', 'Holland']",['724']
Miscellanies.,[],['Surinam'],['725']
Miscellanies.,[],"['Corduba', 'Spain']",['728']
Miscellanies.,[],"['West Indians', 'North America']",['734']
Miscellanies.,[],['Persian'],['735']
Miscellanies.,['Mr. Hodges'],['West Indies'],['737']
Miscellanies.,[],['West Indian'],['738']
Miscellanies.,['Mr. James'],[],['739']
Miscellanies.,[],['streights of Magellan'],['742']
Miscellanies.,[],['streights of Magellan'],['744']
Miscellanies.,[],['Magellanic'],['746']
Miscellanies.,[],"['East Indies', 'East Indies']",['749']
Miscellanies.,[],['Portugall'],['751']
Miscellanies.,[],['Virginia'],['752']
Miscellanies.,['Mr. Godfrey'],[],['753']
Miscellanies.,[],"['Russia', 'New England']",['756']
Miscellanies.,[],['New England'],['758']
Miscellanies.,[],"['Bourdeaux', 'France']",['759']
Miscellanies.,[],['Egyptian'],['760']
Miscellanies.,[],['Russia'],['761']
Miscellanies.,['Joys'],[],['765']
Miscellanies.,[],"['London', 'Pauls']",['767']
Miscellanies.,['Mr. W'],[],['768']
Miscellanies.,[],['Turkish'],['777']
Miscellanies.,[],['Turkish'],['778']
Miscellanies.,['Sr. John Ra'],[],['779']
Miscellanies.,['Mr. Maidstone'],[],['780']
Miscellanies.,['Dr. Adair'],[],['789']
Miscellanies.,[],['Malta'],['798']
Miscellanies.,[],['East India'],['800']
Miscellanies.,['Martha Cooper'],[],['806']
Miscellanies.,['Sr. W'],[],['810']
Miscellanies.,"['Sr. Streynsham Masters', 'Archbishop of Canterbury']",['East India'],['811']
Miscellanies.,['Br'],[],['814']
Miscellanies.,[],['East India'],['817']
Miscellanies.,"['Duke of Monmouth', 'Thomas Tennison Lord. Archbishop of Canter= bury']",[],['821']
Miscellanies.,[],['Malta'],['833']
Miscellanies.,"['Caspar Antonio', 'Dr. Hobbs']",['Flanders'],['836']
Miscellanies.,"['Mr. Hombergs', 'Mr. Geoffroy']",[],['837']
Miscellanies.,[],['Brasile'],['838']
Miscellanies.,[],['Brasile'],['841']
Miscellanies.,['Mr. Robinson'],['China'],['842']
Miscellanies.,[],['China'],['844']
Miscellanies.,['Dr. Waldo'],['Suratte'],['845']
Miscellanies.,['Mr. Heathcote'],['Celebes'],['847']
Miscellanies.,['Mr. Heathcote'],[],['849']
Miscellanies.,['Sr. Nicolas Waite'],['Persia'],['852']
Miscellanies.,['Dr. Waldo'],[],['853']
Miscellanies.,['Dr. Waldo'],[],['854']
Miscellanies.,['Dr. Waldo'],[],['856']
Miscellanies.,[],['Pegu'],['858']
Miscellanies.,['Navarette'],['China'],['']
Miscellanies.,['Dr. Waldo'],[],['863']
Miscellanies.,['Mr. Heathcote'],[],['870']
Miscellanies.,['Dr. Waldo'],[],['873']
Miscellanies.,['Dr. Lavater'],[],['874']
Miscellanies.,['Mr. Burnett'],[],['876']
Miscellanies.,['Mr. Cowper'],[],['877']
Miscellanies.,['Mr. Aston.'],[],['878']
Miscellanies.,['Mr. Perronet'],[],['883']
Miscellanies.,[],['Virginia'],['885']
Miscellanies.,['Mr. Gilberts'],['India.'],['888']
Miscellanies.,[],['Sens'],['890']
Miscellanies.,[],['Dominica'],['891']
Miscellanies.,[],"['Japan', 'Japan']",['892']
Miscellanies.,['D r. Lister'],['India'],['896']
Miscellanies.,"['Wm. Lord Cowper', 'Earl of Oxford', 'Mr. Roberts']",[],['897']
Miscellanies.,['Albertus Seba'],['Amster= dam'],['900']
Miscellanies.,[],['Persia'],['907']
Miscellanies.,['Dr. Lister'],[],['908']
Miscellanies.,['Dr. Lister'],[],['910']
Miscellanies.,['Dr. Lister'],[],['912']
Miscellanies.,[],['Virginia'],['913']
Miscellanies.,['Dr. Steigertahl'],[],['916']
Miscellanies.,[],['Nieves'],['918']
Miscellanies.,['Mrs. Trenchfield'],['China'],['909']
Miscellanies.,['Mr. Petiver'],[],['910']
Miscellanies.,['Mr. Heathcote'],['Epping forest'],['911*']
Miscellanies.,['Mr. Petiver'],[],['912*']
Miscellanies.,['Mr. Petiver.'],[],['913**']
Miscellanies.,[],['Spain'],['914*']
Miscellanies.,['Mr. Moults'],[],['915*']
Miscellanies.,['Mr. Stallwood'],['Whitehall'],['916*']
Miscellanies.,['Pet'],[],['917*']
Miscellanies.,['Mr. Johnson'],[],['919*']
Miscellanies.,[],['China'],['921']
Miscellanies.,[],['China'],['922']
Miscellanies.,[],['China'],['923']
Miscellanies.,[],['China'],['927']
Miscellanies.,[],['China'],['931']
Miscellanies.,['Mr. Ott'],['Swisserland'],['940']
Miscellanies.,['Pet'],[],['941']
Miscellanies.,['Pet'],[],['962']
Miscellanies.,['Ld Cadogan'],['Japan'],['970']
Miscellanies.,['Pet'],[],['971']
Miscellanies.,"['Joy', 'Pet']",[],['974']
Miscellanies.,[],['Turkish'],['976']
Miscellanies.,['James Petiver'],[],['978']
Miscellanies.,['Mr. Alsop'],[],['979']
Miscellanies.,[],['Quaqua coast'],['980']
Miscellanies.,['Pet'],[],['983']
Miscellanies.,['Pet.'],[],['987']
Miscellanies.,['Pet'],['China'],['989']
Miscellanies.,[],['Caribe Islands'],['990']
Miscellanies.,[],['Canton'],['991']
Miscellanies.,"['Bagford', 'Pet']",[],['993']
Miscellanies.,['Pet.'],[],['998']
Miscellanies.,['Pet'],[],['1003']
Miscellanies.,['Symmonds'],[],['1005']
Miscellanies.,['Riley'],[],['1009']
Miscellanies.,['Mrs. Byde'],['Ware park'],['1011']
Miscellanies.,['D r. Slare'],[],['1012']
Miscellanies.,[],['Suters hill'],['1014']
Miscellanies.,[],['Epsom'],['1015']
Miscellanies.,[],['Epsom'],['1016']
Miscellanies.,"['George Harris', 'Pet']",[],['1019']
Miscellanies.,"['prince of Hesses', 'Bradyll', 'Mr. Conduit']","['Gibraltar', 'Gibraltar']",['1022']
Miscellanies.,['Baron Botmar'],['Newcastle'],['1026']
Miscellanies.,[],['Guinea'],['1027']
Miscellanies.,['Dr. Steigertahl.'],['Florence'],['1028']
Miscellanies.,['Duke of Chandois'],"['Guinea', 'Entau', 'Ashanta', 'Agrafee', 'Creepu', 'river Voller', 'Whidgah']",['1031']
Miscellanies.,['Mr. Conduit'],[],['1032']
Miscellanies.,['D r. Bokelman'],['Lapland'],['1033']
Miscellanies.,['Dr. Bokelman'],[],['1034']
Miscellanies.,['Mrs. Heathcotes'],[],['1035']
Miscellanies.,['Mr. Serocold'],[],['1037']
Miscellanies.,['Mr. Barham'],['Jamaica'],['1038']
Miscellanies.,['Dr. Massy'],[],['1039']
Miscellanies.,['Mr. Yale'],[],['1042']
Miscellanies.,['Dr. Houston'],[],['1044']
Miscellanies.,['Yale'],[],['1046']
Miscellanies.,['Mr. van Mildert.'],['China'],['1051']
Miscellanies.,[],['China'],['1054']
Miscellanies.,[],['China'],['1058']
Miscellanies.,['Mr. Harvey'],[],['1061']
Miscellanies.,['Dr. Kempfer'],[],['1062']
Miscellanies.,[],['Japan'],['1063']
Miscellanies.,[],['Japan'],['1064']
Miscellanies.,['Dr. Steigertahl.'],['Japan'],['1072']
Miscellanies.,['Dr. Kempfer'],[],['1074']
Miscellanies.,['Kempfer'],[],['1075']
Miscellanies.,[],['Japonese'],['1078']
Miscellanies.,[],['Japonese'],['1079']
Miscellanies.,['Dr. Cyprianus.'],[],['1080']
Miscellanies.,[],['Pegu'],['1081']
Miscellanies.,['Dr. Kempfer.'],['Japonese'],['1082']
Miscellanies.,['Mr. Hills'],[],['1083']
Miscellanies.,['Mr. Dupuys'],['Japonese'],['1084']
Miscellanies.,[],['Japan'],['1087']
Miscellanies.,['Dr. Covell'],['W. India'],['1090']
Miscellanies.,[],['Japan'],['1091']
Miscellanies.,['Mr. Dupuys'],['the great Mogols country'],['1100']
Miscellanies.,['Dr. Covell'],[],['1101']
Miscellanies.,[],['Lapland'],['1103']
Miscellanies.,['Mr. Dupuys'],[],['1104']
Miscellanies.,[],['Turkish'],['1106']
Miscellanies.,[],"['Mexico', 'America']",['1108']
Miscellanies.,[],['Lapland'],['1109']
Miscellanies.,['Mrs. Astall'],[],['1119']
Miscellanies.,[],['Japan'],['1121']
Miscellanies.,[],['Mogulls country'],['1122']
Miscellanies.,['M r. Dupuys'],[],['1123']
Miscellanies.,['Mr. Dupuys'],[],['1124']
Miscellanies.,['Caspar Antonio'],[],['1125']
Miscellanies.,['Dr. Covell'],['Calabria'],['1126']
Miscellanies.,[],['Cleve'],['1127']
Miscellanies.,['Mr. Bell'],"['Siberia', 'Russia']",['1133']
Miscellanies.,['Mr. Bell'],[],['1134']
Miscellanies.,['Mr. Bell'],[],['1135']
Miscellanies.,['Gio. Bapt. Verle'],[],['1138']
Miscellanies.,['Dr. Kempfer'],"['Japan', 'Japan']",['1139']
Miscellanies.,['Dr. Kempfer'],['Japan'],['1142']
Miscellanies.,[],['Japan'],['1143']
Miscellanies.,[],['Japan'],['1145']
Miscellanies.,[],"['Japan', 'Japan']",['1147']
Miscellanies.,[],['Japan'],['1148']
Miscellanies.,[],['Japan'],['1149']
Miscellanies.,[],['Japan'],['1150']
Miscellanies.,[],['Japan'],['1151']
Miscellanies.,[],['Japan'],['1152']
Miscellanies.,[],['Japan'],['1153']
Miscellanies.,[],['Japan'],['1154']
Miscellanies.,[],['Japan'],['1156']
Miscellanies.,['Dr. Kempfer'],[],['1160']
Miscellanies.,[],['Japan'],['1164']
Miscellanies.,[],['Japan'],['1166']
Miscellanies.,[],['Japan'],['1168']
Miscellanies.,['Dr. Kempfer'],[],['1170']
Miscellanies.,['King William the 3d'],[],['1183']
Miscellanies.,['King George ye 1st.'],[],['1184']
Miscellanies.,[],"['Dresden', 'Berlin', 'China']",['1195']
Miscellanies.,['Lady Darlington'],[],['1196']
Miscellanies.,[],['Oxford'],['1201']
Miscellanies.,['Mr. Franklin'],['New England'],['1202']
Miscellanies.,['Mr. Catesby'],['South Carolina'],['1203']
Miscellanies.,['Mr. Geoffroy'],"['France', 'Paris']",['1204']
Miscellanies.,['Mr. Francklyn'],['New England'],['1205']
Miscellanies.,[],['New England'],['1206']
Miscellanies.,[],['Windsor'],['1208']
Miscellanies.,['Mr. Hennepin'],[],['1215']
Miscellanies.,[],['Carolina'],['1216']
Miscellanies.,['Coll. Nicholson'],"['Carolina', 'South Carolina']",['1218']
Miscellanies.,[],['>Carolina'],['1222']
Miscellanies.,[],['East Indies'],['1229']
Miscellanies.,['Dr. Houston'],['Scotland'],['1232']
Miscellanies.,[],['E. Indies'],['1234']
Miscellanies.,['Mr. Theobalds'],[],['1236']
Miscellanies.,['Coll. Nicholson.'],['Carolina'],['1237']
Miscellanies.,['S r. Nicholas Waite'],['East Indies'],['1238']
Miscellanies.,['Dr. Kempfer.'],['Japan'],['1239']
Miscellanies.,[],"['fort St. George', 'E. Indies']",['1240']
Miscellanies.,[],['China'],['1241']
Miscellanies.,[],['China'],['1242']
Miscellanies.,['Mr. Theobalds'],[],['1243']
Miscellanies.,['Dr Steigertahl'],[],['1245']
Miscellanies.,['Mr. Fuller'],"['Sussex', 'Bristoll']",['1246']
Miscellanies.,[],['China'],['1247']
Miscellanies.,[],['America'],['1248']
Miscellanies.,[],['Hudsons bay'],['1250']
Miscellanies.,['Mr. Campbell.'],['Africa'],['1257']
Miscellanies.,[],['Spain'],['1261']
Miscellanies.,['Dr. Covell'],['Turkish'],['1266']
Miscellanies.,[],['Africa'],['1268']
Miscellanies.,['Mr. Gale'],[],['1269']
Miscellanies.,['Baron Rostgards'],"['China', 'Denmark']",['1270']
Miscellanies.,['Dr. Covell.'],[],['1271']
Miscellanies.,['Mr. Courten'],[],['1272']
Miscellanies.,[],['China'],['1273']
Miscellanies.,[],['Gomroon'],['1275']
Miscellanies.,[],['Darien'],['1277']
Miscellanies.,[],['Carolina'],['1278']
Miscellanies.,[],"['East India', 'North of Scotland', 'Holland']",['1279']
Miscellanies.,"['Mr. Skinner', 'Mr. Lockyer.']","['China', 'Vampo', 'Canton', 'China']",['1281']
Miscellanies.,[],['east India'],['1282']
Miscellanies.,['D r. Hubbert'],[],['1284']
Miscellanies.,['Dr. Hubert'],[],['1307']
Miscellanies.,[],['Cheshire'],['1331']
Miscellanies.,['M r. Elking'],"[""Davies's Straits""]",['1332']
Miscellanies.,"['Mr. Pitts.', 'Dr. Mortimer']",[],['1336']
Miscellanies.,[],['China'],['1339']
Miscellanies.,[],['China'],['1341']
Miscellanies.,['Mr. Harris'],"['America', 'Darien']",['1343']
Miscellanies.,['Dr. Burnett'],['Carthayener in America'],['1344']
Miscellanies.,[],['East Ind =ians'],['1345']
Miscellanies.,['Mr. Gale'],[],['1346']
Miscellanies.,"['Dr. Hoffman', 'Dr. Plumptree']",[],['1347']
Miscellanies.,[],['East Indies'],['1348']
Miscellanies.,['Mr. John Heathcote'],['Malacca'],['1349']
Miscellanies.,['Mrs. Shepherd'],['China'],['1353']
Miscellanies.,[],['Reculver'],['1355']
Miscellanies.,['Mr. Clerk'],['Virginia'],['1368']
Miscellanies.,['Mrs. Dering'],['S. Carolina'],['1371']
Miscellanies.,['Mr. Clerk'],['Virginia'],['1373']
Miscellanies.,[],['China'],['1377']
Miscellanies.,['governor Bennet'],['Bermudas'],['1382']
Miscellanies.,['Mr. Bell'],['Malacca'],['1383']
Miscellanies.,[],['Catalonia'],['1384']
Miscellanies.,['Mr. Elking'],"[""Davis's straits""]",['1385']
Miscellanies.,['Mr. Clerk'],['Virginia'],['1387']
Miscellanies.,[],['Luneburg'],['1388']
Miscellanies.,['Dr. Varin'],[],['1389']
Miscellanies.,['Mr. Fabre'],[],['1395']
Miscellanies.,['Mr. P admore'],[],['1396']
Miscellanies.,['Pet'],[],['1397']
Miscellanies.,['Mr. Wilsons'],[],['1398']
Miscellanies.,[],['Lawrance'],['1399']
Miscellanies.,[],['Japan'],['1400']
Miscellanies.,[],['Turkey'],['1402']
Miscellanies.,[],['Senegal'],['1403']
Miscellanies.,[],['Ã†thiopish'],['1404']
Miscellanies.,[],['Japan'],['1405']
Miscellanies.,[],['Persian'],['1406']
Miscellanies.,[],['Virginia'],['1411']
Miscellanies.,[],['Turkish'],['1414']
Miscellanies.,[],['Marorla of Congo'],['']
Miscellanies.,[],['Pyrenees'],['1417']
Miscellanies.,[],['Turky'],['1420']
Miscellanies.,['Mr. Lyell'],['East India'],['1422']
Miscellanies.,['Dr. Woodwards'],['Madagascar'],['1423']
Miscellanies.,[],"['Congo', 'Marorla of Congo']",['1425']
Miscellanies.,"['Mr. Chishull', 'Dr. Woodwd']",[],['1436']
Miscellanies.,[],['China'],['1437']
Miscellanies.,['M rs. Smith'],[],['1449']
Miscellanies.,[],['Ireland'],['1450']
Miscellanies.,['Mr. Petiver'],['Carolina'],['1452']
Miscellanies.,[],['China'],['1453']
Miscellanies.,"['Mr. Petiver', 'Mr. Walduck.', 'Pet']",[],['1454']
Miscellanies.,[],['Reculver'],['1455']
Miscellanies.,['Pet'],[],['1456']
Miscellanies.,['Pet'],[],['1457']
Miscellanies.,"['Carolina', 'Mr. Standish']",['S. Carolina'],['1458']
Miscellanies.,['Pet'],[],['1459']
Miscellanies.,['Capt. Walduck'],[],['1463']
Miscellanies.,[],['Portugall'],['1466']
Miscellanies.,['Pet.'],[],['1469']
Miscellanies.,['Mr. Ranby'],[],['1472']
Miscellanies.,"['Mr. Barrets', 'M r. Ranby']",[],['1474']
Miscellanies.,['Dr. Waldo'],['China'],['1478']
Miscellanies.,['Mr. Dering'],['Carolina'],['1485']
Miscellanies.,['Dr. Waldo'],['fort St. George'],['1487']
Miscellanies.,[],['E. I'],['1490']
Miscellanies.,['Mr. Jones'],['America'],['1491']
Miscellanies.,['Mr. Ranby'],['Germany'],['1494']
Miscellanies.,[],['China'],['1495']
Miscellanies.,[],['Lyons'],['1499']
Miscellanies.,['Mr. Maidstone'],['Sumatra'],['1501']
Miscellanies.,['Duke of Argyles'],['Scotland'],['1506']
Miscellanies.,[],['Bengall'],['1508']
Miscellanies.,[],['China'],['']
Miscellanies.,['Mr. Maidston'],['China'],['1512']
Miscellanies.,[],['America'],['1532']
Miscellanies.,[],['China'],['1533']
Miscellanies.,[],['North America'],['1534']
Miscellanies.,['Q. Anne'],['America'],['1535']
Miscellanies.,"['Mr. Southwell', 'Mr. Maidstone.']",['Ireland'],['1537']
Miscellanies.,['Mr. Purnell'],"['Turkish', 'Constantinople', 'Smyrna']",['1538']
Miscellanies.,[],"['Turkish', 'Smyrna']",['1539']
Miscellanies.,[],"['Turkish', 'Constantinople', 'Smyrna']",['1540']
Miscellanies.,['Mr. Maidston'],['China'],['1542']
Miscellanies.,[],['France'],['1543']
Miscellanies.,[],['Bohemia'],['1544']
Miscellanies.,[],"['Polonia', 'Germany']",['1546']
Miscellanies.,[],['Windsor'],['1547']
Miscellanies.,['Mr. Woolhouse'],['Paris'],['1550']
Miscellanies.,['Dr. Mausafia'],[],['1551']
Miscellanies.,"['Dr. Battely', 'Mr. Nichols']",['Westminster'],['1554']
Miscellanies.,['Mrs. Steigertahl.'],[],['1555']
Miscellanies.,"['Paul Lucas', 'Duke of Richmond', 'Duke of Richmond']",['Egypt'],['1556']
Miscellanies.,"['Mr. Ambrose Godfry Hanckewitz', 'Godfry']",[],['']
Miscellanies.,['Mr. Godfry'],[],['1561']
Miscellanies.,['Mr. Godfry'],[],['1562']
Miscellanies.,[],['Japan'],['1563']
Miscellanies.,[],['Japan'],['1565']
Miscellanies.,[],['Nuremberg'],['1566']
Miscellanies.,['Mr. Wilds'],[],['1576']
Miscellanies.,[],['Dieppe'],['1577']
Miscellanies.,['Governr. Jennings'],['East Indies'],['1588']
Miscellanies.,['Ericus Benzelius'],"['Sweden', 'Norway']",['1589']
Miscellanies.,['Mr. Houstoun'],['America'],['1590']
Miscellanies.,[],['Windsor'],['1591']
Miscellanies.,['Mr. Maidstone'],['Japan'],['1592']
Miscellanies.,['Dr. Short'],['Sheffield'],['1595']
Miscellanies.,['Dr. Short'],['Sheffield'],['1596']
Miscellanies.,[],['Holland'],['1602']
Miscellanies.,[],"['Turkish', 'Berlin', 'China']",['1606']
Miscellanies.,['Dr. Short'],[],['1608']
Miscellanies.,[],['Malton'],['1609']
Miscellanies.,[],['Filah'],['1610']
Miscellanies.,['Scarburgh'],[],['1611']
Miscellanies.,[],['Harrogate'],['1612']
Miscellanies.,['Mr. Bradley.'],[],['1613']
Miscellanies.,['D r. Short'],['Buckby'],['1615']
Miscellanies.,"['Mr. Talbot', 'Mr. Barrow']",['China'],['1616']
Miscellanies.,[],"[""Davis's straits"", 'Groenland']",['1617']
Miscellanies.,[],['North America'],['1622']
Miscellanies.,['Dr. Clifton'],['Guinea'],['1624']
Miscellanies.,[],['Windsor'],['1626']
Miscellanies.,[],"['Guinea', 'London']",['1627']
Miscellanies.,['Mr. Godfrey'],[],['1629']
Miscellanies.,[],['Guinea'],['1630']
Miscellanies.,['Duke of Newcastle'],[],['1635 & 1636']
Miscellanies.,"['Dr. Grews', 'Duke of Newcastle']",[],['1635']
Miscellanies.,"['Dr. Grews', 'Duke of Newcastle']",[],['1636']
Miscellanies.,['Mr. Godfroy Jun r'],['Paris'],['1637']
Miscellanies.,[],['Malta'],['1643']
Miscellanies.,[],['East Indies'],['1646']
Miscellanies.,[],"['Hampshire', 'Oxford']",['1647']
Miscellanies.,['Mr. Bell'],[],['1650']
Miscellanies.,['Mr. Graham Junr'],[],['1653']
Miscellanies.,[],['East Indies'],['1654']
Miscellanies.,[],['Carolina'],['1655']
Miscellanies.,"['K. Charles the first', 'Mr. Lascelles.']",[],['1657']
Miscellanies.,[],['Malaga'],['1658']
Miscellanies.,[],['Malabar'],['1663']
Miscellanies.,['Mr. Kenly'],[],['1664']
Miscellanies.,['Abbe Sterbini'],[],['1665']
Miscellanies.,['Pet.'],[],['1668']
Miscellanies.,[],['Rochester'],['1669']
Miscellanies.,['Pet'],[],['1671']
Miscellanies.,['M r. Newman.'],['Malacca'],['1672']
Miscellanies.,['Mr. Collinson.'],[],['1673']
Miscellanies.,['Dr. Dodd'],['Yorkshire'],['1674']
Miscellanies.,['Mrs. Marshall'],[],['1675']
Miscellanies.,['Mr. Nash.'],['Bath'],['1683']
Miscellanies.,['Mr. Sainthill'],[],['1684']
Miscellanies.,['Dr. Massey.'],['W. Indies'],['1685']
Miscellanies.,['Revd Mr. Scott.'],"['Guanaboa', 'Jamacia']",['1686']
Miscellanies.,['Mr. Maitland.'],['Bishops - gate'],['1688']
Miscellanies.,['Abbe Sterbinis'],['Italy'],['1689']
Miscellanies.,['Mr. Bell'],"['Molucco Islands', 'China']",['1694']
Miscellanies.,[],['China'],['1695']
Miscellanies.,[],['China'],['1698']
Miscellanies.,[],['China'],['1700']
Miscellanies.,['Mr. Bell'],['China'],['1701']
Miscellanies.,[],['Bloomsbury Square'],['1702']
Miscellanies.,[],['China'],['1703']
Miscellanies.,[],['Japan'],['1704']
Miscellanies.,[],['China'],['1705']
Miscellanies.,['Duke of Buclugh'],['Kings Langley in Hertfordsh'],['1706']
Miscellanies.,['Dr. Waldo'],['East Indies'],['1707']
Miscellanies.,['Mr. Green'],['Italy'],['1709']
Miscellanies.,['Mr. Gilbert'],['China'],['1710']
Miscellanies.,['Mr. Fuller'],['Japan'],['1712']
Miscellanies.,['Mr. Ranby'],['Japan'],['1716']
Miscellanies.,[],['China'],['1718']
Miscellanies.,['Govern'],"['fort St. George', 'East Indies']",['1721']
Miscellanies.,[],['China'],['1723']
Miscellanies.,['Mr. Muhleman'],[],['1724']
Miscellanies.,['Dr. Massy'],[],['1725']
Miscellanies.,['Mr. Wynthorp'],['New England'],['1727']
Miscellanies.,"['Papenau', 'Winthrop Esqr']",['N. England'],['1730']
Miscellanies.,['Mr. Winthorp'],['New England'],['1731']
Miscellanies.,['Mr. Roberts'],['China'],['1734']
Miscellanies.,['Mr. Winthorpe'],['N. England'],['1735']
Miscellanies.,[],['Holland'],['1737']
Miscellanies.,['Mr. Winthorp'],['New England'],['1738']
Miscellanies.,[],['America'],['1740']
Miscellanies.,[],"['Turkish', 'Turky']",['1748']
Miscellanies.,[],['Petersburg'],['1749']
Miscellanies.,['Dr. Massey'],['Hudsons bay'],['1750']
Miscellanies.,[],['China'],['1754']
Miscellanies.,['Mr. Hodson'],['Malabar'],['1757']
Miscellanies.,[],['China'],['1758']
Miscellanies.,['Mr. Hodgson'],['China'],['1761']
Miscellanies.,['Job the son of Solomon'],['river Gambia'],['1763']
Miscellanies.,['Dr. Amann'],[],['1767']
Miscellanies.,['Mr. Captn Jenkins'],"['Kamcatchki', 'Peterburg.']",['1768']
Miscellanies.,['Mr. Jenkins'],"['Kamcatchki', 'Petersburg']",['1770']
Miscellanies.,[],['Russia'],['1771']
Miscellanies.,[],['China'],['1772']
Miscellanies.,[],['China'],['1773']
Miscellanies.,['Mr. Clerk'],['Monsserrat'],['1775']
Miscellanies.,[],['East India'],['1777']
Miscellanies.,['Queen Elizabeths'],[],['1778']
Miscellanies.,['Mr. Laurie'],['Campeche'],['1779']
Miscellanies.,['Mr. Laurie'],['Campeche'],['1780']
Miscellanies.,['Mr. Philipp Miller'],['North America'],['1782']
Miscellanies.,['Mr. Mason'],['wales'],['1783']
Miscellanies.,['Mr. Cotteret'],[],['1784']
Miscellanies.,['Mr. Reaumar'],[],['1785']
Miscellanies.,['Mr. Seguiver'],['France'],['1786']
Miscellanies.,"['Mr. Grubb, a Swede']",['Lapland'],['1787']
Miscellanies.,[],['Lapland'],['1791']
Miscellanies.,['Mr. Cox'],['East India'],['1792']
Miscellanies.,['Dr. Massy'],['Emuy.'],['1794']
Miscellanies.,['Mr. Barham'],['Jamaica'],['1796']
Miscellanies.,[],['Spaine'],['1797']
Miscellanies.,['Mr. Sequier'],['France'],['1798']
Antiquities.,['Cardinall Gualtieris'],[],['700']
Antiquities.,['Dr. Houston'],['Peru'],['726']
Antiquities.,['Mr. Conyers'],['Goodmans fields'],['4']
Antiquities.,[],"['Island Sheppey', 'Canterbury.']",['729']
Antiquities.,['Mr. Jo. Scheuchzer'],"['Zurich', 'Baden', 'Zurich']",['738']
Antiquities.,[],"['Richborow', 'Canterbury', 'Kent']",['739']
Antiquities.,['Mr. Cooke'],['Isle of Wight'],['743']
Antiquities.,[],['Roman'],['19']
Antiquities.,['Dr. Huntington.'],[],['21']
Antiquities.,[],['Mount Vesuvius'],['22']
Antiquities.,['Mr. Conyers'],['fleet ditch'],['23']
Antiquities.,['Mr. Compton.'],['Rome'],['749']
Antiquities.,[],"['Constantinople', 'Etruscan']",['754']
Antiquities.,['Mr Charles de la fontaine.'],"['Cotterstock', 'Oundle', 'Northamptonshire']",['755']
Antiquities.,[],"['Richborough', 'Kent']",['756']
Antiquities.,['Mr Conyers'],[],['29']
Antiquities.,[],['Essex near Brentwood'],['30']
Antiquities.,['Mr. Oldesworth'],['Camdeno.'],['31']
Antiquities.,['Dr. Harwood'],"['Uriconium', 'Wroxeter in Shropshire']",['33']
Antiquities.,[],"['Richborow', 'Kent']",['768']
Antiquities.,['Mr. Gordon.'],"['Cartagena', 'America']",['781']
Antiquities.,[],['Richborrough'],['783']
Antiquities.,['Monsr. dupuys'],[],['787']
Antiquities.,['Mr. Compton'],['Rome'],['787']
Antiquities.,[],['Reculver'],['788']
Antiquities.,[],['Reculver'],['799']
Antiquities.,[],['fleet- ditch'],['48']
Antiquities.,"[""King James 's""]",[],['49']
Antiquities.,[],"['Baden', 'Swisserland']",['50']
Antiquities.,[],['Bethlehem'],['51']
Antiquities.,[],['Canterbury'],['805']
Antiquities.,['Abbe Sterbini'],['Italy'],['806']
Antiquities.,[],['Virginia'],['65']
Antiquities.,[],['Streights of Magellan'],['66']
Antiquities.,['Abbe Sterbini'],"['Etruscan', 'Rome']",['819']
Antiquities.,['Dr. Hook'],[],['76']
Antiquities.,['Mr. Robert Hook'],[],['77']
Antiquities.,['Abbe Sterbini'],[],['844']
Antiquities.,[],['Pauls'],['85']
Antiquities.,['Dr. Hook'],[],['86']
Antiquities.,[],"[""Cicero's house at Mola between Gayette & Cuma at Formio""]",['88']
Antiquities.,['Abbe Sterbini'],['Rome'],['862']
Antiquities.,[],['Etruscan'],['879']
Antiquities.,['Conyers'],['Camdeno'],['93']
Antiquities.,[],['Bethlehem'],['97']
Antiquities.,['Mr. Conyers'],[],['98']
Antiquities.,[],['Carthage'],['99']
Antiquities.,['Dr. Lavater'],['Badam in libera'],['100']
Antiquities.,['Abbe Sterbini'],['Italy'],['880']
Antiquities.,['Dr. Richardson'],['Burrowbridge'],['100*']
Antiquities.,[],['Kent'],['101']
Antiquities.,[],['Jamaica'],['102']
Antiquities.,['Mr. Martin'],"['Colonia Agrippina at some distance from Colen', 'Germany']",['106']
Antiquities.,['Mr. Brigstock.'],['Egyptian'],['107']
Antiquities.,['Abbe Sterbini'],['Italy'],['904']
Antiquities.,['Mr. Morton'],[],['108']
Antiquities.,"[""Sr. Tho. Brown's""]",['Norfolk'],['109']
Antiquities.,['Oldisworth'],[],['113']
Antiquities.,['Abbe Sterbini'],['Rome'],['928']
Antiquities.,"[""L'Abbe Sterbini""]",['Rome'],['945']
Antiquities.,['Dr. Brown'],['Roman'],['123']
Antiquities.,['D. Id'],[],['979']
Antiquities.,['Dr. Br.'],[],['132']
Antiquities.,['Oldisworth'],['Roman'],['134']
Antiquities.,['Sandys'],['Egypt'],['135']
Antiquities.,"['Cardinall Gualtieri', 'Abbe Sterbini']",['Rome'],['980']
Antiquities.,['Dr. Br.'],[],['138']
Antiquities.,['Dr. Br'],[],['139']
Antiquities.,['Dr. Br.'],[],['140']
Antiquities.,['E. B.'],"['Hungarie', 'Reculver', 'Kent']",['144']
Antiquities.,[],['Rome'],['1001']
Antiquities.,['Dr. Br'],[],['145']
Antiquities.,['Dr. Br'],[],['146']
Antiquities.,['Dr. Br'],"['Carnuntum', 'Presburg', 'Vienna']",['148']
Antiquities.,['Mr. Lloyd'],[],['149']
Antiquities.,['Mr. Morton'],['Northampton'],['151']
Antiquities.,"['Cardinal Gualtieris', 'Abbe Sterbini']",[],['1023']
Antiquities.,['Mr. Hodges'],['Japan'],['154']
Antiquities.,['Mr. Cairns'],['Tartary'],['157']
Antiquities.,[],['Mengrillia'],['158']
Antiquities.,"['Card inall Gualtieris', 'Abbe Sterbini']",['Rome'],['1040']
Antiquities.,['Bp of Norwich.'],['Norfolk.'],['159']
Antiquities.,[],['Troy'],['165']
Antiquities.,[],['Scotland'],['166']
Antiquities.,['Ld Peterborough.'],[],['167']
Antiquities.,['Mort'],['Northamptonshire'],['168']
Antiquities.,['Mort.'],['Northamptonshire'],['170']
Antiquities.,['Mort'],[],['171']
Antiquities.,[],['Northamptonshire.'],['172']
Antiquities.,['Mr. Wainwrights'],['Throp Mandeville'],['173']
Antiquities.,"['Cardinall Gualtieris', 'Abbe Sterbini.']","['Etruscan', 'Etruscan']",['1082']
Antiquities.,[],['Etruscan'],['1096']
Antiquities.,[],['Staffordshire'],['178']
Antiquities.,[],['Athens'],['179']
Antiquities.,['Dr. Waldo'],['East Indies'],['180']
Antiquities.,['Dr. Lavater'],[],['181']
Antiquities.,"['Cardinall Gualtieris', 'Abbe Sterbini']",[],['1097']
Antiquities.,"['Jo. Bapt. Ottius', 'Mr. Holiday']",[],['183']
Antiquities.,['Dr. Massy'],['Wisbech'],['184']
Antiquities.,['Mr. Beverland'],[],['185']
Antiquities.,[],['St. Mary Woolnoths'],['186']
Antiquities.,['D r. Brooks'],['Bourne in Sussex'],['188']
Antiquities.,['Dr. Lister'],[],['189']
Antiquities.,['Pet'],[],['190']
Antiquities.,['Pet'],[],['191']
Antiquities.,"['Cardinall Gualtieris', 'Abbe Sterbini']",[],['1110']
Antiquities.,['Lord Sandwich'],[],['1119']
Antiquities.,['Pet'],[],['193']
Antiquities.,['Kemp'],[],['196']
Antiquities.,['Kemp.'],[],['201']
Antiquities.,['Kemp'],[],['202']
Antiquities.,['Kemp'],[],['203']
Antiquities.,"['Earl of Arundell', 'Mr. Fuller', 'Mr. Benjamin Mott', 'Sr. Andrew Fountain', 'Mr Warner', 'Mr Galliard', 'Dr. Hutton', 'Charles Lord Hallifax', 'Mr Gousset.']","['Lyons', 'France']",['1120']
Antiquities.,['Mr. Jackson'],['banks of the Thames near Stains'],['1121']
Antiquities.,['Kemp'],[],['211']
Antiquities.,['Dr. Sylvestre'],['Rome'],['221']
Antiquities.,['Kemp'],[],['229']
Antiquities.,"['Sigr. Sterbini', 'Sig r. Veraccini']",[],['1122']
Antiquities.,['Dean Copping'],['Ireland'],['1123']
Antiquities.,['Mr. Ashwort'],['Tuft Bogg Marsh within two Miles of Macclesfield'],['1125']
Antiquities.,['Kemp.'],[],['230']
Antiquities.,['Kemp.'],[],['231']
Antiquities.,['Kemp'],[],['232']
Antiquities.,[],['Goodmans fields'],['233']
Antiquities.,['Kemp.'],[],['236']
Antiquities.,"['Wm. Ellis Esqr', 'Dr. Richardson', 'M r. Gale']","['Kiddall in Yorkshire near Leeds', 'Yorkshire']",['238']
Antiquities.,['M r. Cadogan'],[],['1127']
Antiquities.,"['M r. W', 'Smart Lethieullier']",['Bath'],['']
Antiquities.,['Conyers'],['black Marys near Grayes inn lane'],['246']
Antiquities.,['Conyers'],['fields North west of the tower of London'],['248']
Antiquities.,['Pet'],[],['249']
Antiquities.,[],['Edinburgh'],['250']
Antiquities.,[],['near Windsor'],['251']
Antiquities.,['Mr. Kennedy'],[],['254']
Antiquities.,['Mr. Smith.'],[],['255']
Antiquities.,"['Mr. Kemps', 'Mr. Warners']",[],['256']
Antiquities.,"['Mr. Conyers', 'Woodward', 'Woodward']","['Spitlefields', 'Spitalfields']",['257']
Antiquities.,['Mr. Conyers'],[],['258']
Antiquities.,['Dr. Woodwards'],['Bishops gate'],['259']
Antiquities.,['Cadogan'],['Minorca'],['244*']
Antiquities.,[],['Woodchester near Minchinghampton in Gloceshershire'],['246*']
Antiquities.,[],['Windsor forrest'],['247*']
Antiquities.,['Lord Burlington'],['Yorkshire'],['249*']
Antiquities.,['Mr. And. Hay'],['Rome'],['250*']
Antiquities.,['Charles 2'],[],['']
Antiquities.,['Elizabeth. Queen'],[],['']
Antiquities.,[],['Baden'],['']
Antiquities.,['Sloane Sir Hans'],[],['']
Antiquities.,['Mr. Dupuys'],[],['256*']
Antiquities.,[],['Egyptian'],['258*']
Antiquities.,['D. M'],[],['262*']
Antiquities.,['D. M'],[],['263*']
Antiquities.,[],['Winsor'],['264*']
Antiquities.,[],['Rome'],['269']
Antiquities.,[],['Rome.'],['297']
Antiquities.,[],['Windsor'],['300']
Antiquities.,['Dr. Stukely'],[],['301']
Antiquities.,['Mr. Stanley'],['Hampshire'],['302']
Antiquities.,[],['Windsor forrest'],['303']
Antiquities.,['Sr. John Colbatch'],"[""St. Martin's Church""]",['304']
Antiquities.,[],"['Richborow', 'Kent']",['305']
Antiquities.,[],['Wales'],['312']
Antiquities.,['Sr. Griffith Wms'],[],['315']
Antiquities.,[],['Manooth in Ireland'],['316']
Antiquities.,[],['near Richborough in Kent'],['318']
Antiquities.,[],['Windsor common'],['322']
Antiquities.,[],['Chattham'],['323']
Antiquities.,[],"['Kent', 'Richborrough']",['328']
Antiquities.,['Mr. Hildesley'],['Puteoli'],['329']
Antiquities.,[],"['Reculver', 'Kent.']",['331']
Antiquities.,[],['Reculver'],['336']
Antiquities.,[],"['Reculver', 'Canterbury']",['341']
Antiquities.,[],['Reculver'],['346']
Antiquities.,[],"['Reculver', 'Kent']",['357']
Antiquities.,['Woodward'],[],['363']
Antiquities.,[],['Windsor'],['364']
Antiquities.,[],"['Reculver', 'Kent']",['370']
Antiquities.,[],['Windsor'],['371']
Antiquities.,[],['near Windsor'],['372']
Antiquities.,[],['Reculver'],['374']
Antiquities.,[],['Windsor'],['379']
Antiquities.,[],['Reculver'],['380']
Antiquities.,['Mr. Purnell'],['Smyrna'],['382']
Antiquities.,['Dr. Wood'],['North Elmham in Nor. folk'],['384']
Antiquities.,[],['Pauls'],['386']
Antiquities.,[],['Reculver'],['387']
Antiquities.,[],['Reculver'],['392']
Antiquities.,['Mrs. Dering'],['Guinea'],['400']
Antiquities.,[],['Carolina'],['402']
Antiquities.,['M rs. Standish'],['Carolina'],['404']
Antiquities.,['Dr. Woodwards'],[],['405']
Antiquities.,['D. Woodward'],[],['406']
Antiquities.,['Mrs. Dering.'],[],['407']
Antiquities.,['Lo Pembroke.'],['Rome'],['409']
Antiquities.,['Mr. George'],['Wales'],['412']
Antiquities.,['Mr. Maidstone'],[],['413']
Antiquities.,[],['China'],['414']
Antiquities.,"['Soranzos', 'Mr. Nadler']",['Etruscan'],['416']
Antiquities.,[],['Etruscan'],['427']
Antiquities.,[],['Etruscan'],['428']
Antiquities.,"['Soranzo', 'Mr. Nadler']",['Etruscan'],['429']
Antiquities.,[],['Rome'],['432']
Antiquities.,[],['Portugall'],['433']
Antiquities.,['Cr: Mortimer'],['Reculver'],['435']
Antiquities.,[],['Canterbury'],['436']
Antiquities.,"['C. Mortimer', 'Dr. Gray']",['Canterbury'],['437']
Antiquities.,['Sr. George'],"['Dover', 'Dover']",['438']
Antiquities.,[],['Richborough'],['439']
Antiquities.,[],"['River Blackwater', 'Maldon']",['440']
Antiquities.,['Cr. Mortimer'],[],['441']
Antiquities.,[],['England'],['']
Antiquities.,[],['Italy'],['442']
Antiquities.,['Wm. Stukely'],['Cornwall'],['443']
Antiquities.,['Mr. Leneve'],[],['444']
Antiquities.,['Dr. Rosse'],['Scotland'],['447']
Antiquities.,['Mr. Leneve'],[],['448']
Antiquities.,[],['Kent'],['449']
Antiquities.,['Mr. Jackson'],['Sussex'],['450']
Antiquities.,['Abbe Sterpini'],['Rome'],['451']
Antiquities.,['Abbot Sterbini'],['Rome'],['467']
Antiquities.,[],['Naples'],['484']
Antiquities.,['abbot Sterbini'],"['Etruscan', 'Rome']",['487']
Antiquities.,[],['Etruscan'],['493']
Antiquities.,['Abbot Sterbini'],"['Etruscan', 'Rome']",['496']
Antiquities.,[],['Etruscan'],['499']
Antiquities.,[],['Rome'],['512']
Antiquities.,[],['Verulam'],['513']
Antiquities.,[],"['Reculver', 'Kent']",['514']
Antiquities.,[],['Egyptian'],['518']
Antiquities.,[],['Cireencester'],['519']
Antiquities.,"['Lord Montacutes', 'Mr. Jackson']",['Sussex'],['525']
Antiquities.,['Cardinall Gualtieris'],[],['528']
Antiquities.,['Cardinal Gualt ieris'],[],['535']
Antiquities.,[],['Etruscan'],['537']
Antiquities.,['Cardinall Gualtieris'],[],['560']
Antiquities.,[],['Rome'],['563']
Antiquities.,[],['Rome'],['573']
Antiquities.,['Cardinall Gualteris'],[],['576']
Antiquities.,['Cardinall Gualtieris'],[],['594']
Antiquities.,['Cardinall Gualtieris'],[],['610']
Antiquities.,['Cardinall Gualtieris'],[],['628']
Antiquities.,['Cardinall Gualtieris'],[],['648']
Antiquities.,"[""Cardinall Gualtieri's""]",[],['654']
Antiquities.,[],['Ireland'],['657']
Antiquities.,['Card. Gualtieris'],[],['663']
Antiquities.,['Cardinal Gualtieris'],[],['669']
Antiquities.,['Card. Gualtieris'],[],['676']
Impressions of Seals &c.,['Olivarius'],['Scotland'],['1']
Impressions of Seals &c.,[],"['Ireland', 'Ireland']",['2']
Impressions of Seals &c.,[],"['England', 'Scotland', 'France', 'Ireland']",['3*']
Impressions of Seals &c.,['Oli: Cromwe'],[],['9']
Impressions of Seals &c.,[],['Northampton'],['14']
Impressions of Seals &c.,['St. Stephan'],[],['17']
Impressions of Seals &c.,['Sr. Ed. Bury- Godfrey'],[],['33']
Impressions of Seals &c.,['K. Ch. 2d'],[],['34']
Impressions of Seals &c.,['K. Ch. 1st'],[],['36']
Impressions of Seals &c.,[],['England'],['52']
Impressions of Seals &c.,[],['France'],['57']
Impressions of Seals &c.,['Mr. Warner'],['Portugall'],['72']
Impressions of Seals &c.,[],['Portugall'],['73']
Impressions of Seals &c.,[],['Ireland'],['75']
Impressions of Seals &c.,[],['Jamaica'],['77']
Impressions of Seals &c.,['Duke of Buckingham'],['England'],['79']
Impressions of Seals &c.,[],['France'],['83']
Impressions of Seals &c.,[],['Rochester'],['85']
Impressions of Seals &c.,['St Laurence'],[],['88']
Impressions of Seals &c.,['King Charles the firsts'],[],['98']
Impressions of Seals &c.,['T. Simons'],[],['99']
Impressions of Seals &c.,"['Mr. Rickersey', 'Dr. Pack']",['Kent'],['102']
Impressions of Seals &c.,"[""Henry ye 8th's""]",[],['103']
Impressions of Seals &c.,['King'],[],['104']
Impressions of Seals &c.,"[""Queen Elizabeth's""]",[],['105']
Impressions of Seals &c.,['King James I'],[],['107']
Impressions of Seals &c.,[],['paris'],['108']
Impressions of Seals &c.,[],['Canterbury'],['109']
Impressions of Seals &c.,[],['France'],['120']
Impressions of Seals &c.,['Shepherd'],[],['131']
Impressions of Seals &c.,['Duke'],[],['143']
Impressions of Seals &c.,['Henry 8'],[],['159']
Impressions of Seals &c.,"['Oliver', 'Mr. Ranby']",[],['160']
Impressions of Seals &c.,"[""Sr. Isaac Newton's""]",[],['161']
Impressions of Seals &c.,['Martin Folkes'],[],['163']
Impressions of Seals &c.,['Mr. Bevan'],[],['164']
Impressions of Seals &c.,['George II'],[],['168']
Impressions of Seals &c.,['James Duke of York'],[],['175']
Impressions of Seals &c.,['D. Morosini'],[],['176']
Impressions of Seals &c.,['Lewis'],['France'],['187']
Impressions of Seals &c.,"['Oli. Cromwel.', 'Mr']",['Holland'],['189']
Impressions of Seals &c.,['Sir Richard Steele'],[],['190']
Impressions of Seals &c.,[],['Essex'],['194']
Impressions of Seals &c.,['K. Henry VIII'],[],['220']
Impressions of Seals &c.,"['Duke of Bavaria', 'D. C']",[],['247']
Impressions of Seals &c.,[],['Prussia.'],['249']
Impressions of Seals &c.,[],['Prussia'],['250']
Impressions of Seals &c.,"['Mortimer', 'D. Drake', 'Mortimer', 'D. Dingley', 'D. Fran.', 'K. Charles 2']",['Essex'],['264']
Impressions of Seals &c.,[],['Northampton'],['265']
Impressions of Seals &c.,['Mr. Kettle'],['Verulam'],['266']
Impressions of Seals &c.,['Sr. Robert walpole'],[],['267']
Impressions of Seals &c.,[],['Westminster'],['268']
Pictures &c.,['Albert Durer'],[],['1']
Pictures &c.,"['David Loggan', 'AB Blosse Bloteling?']",[],['2']
Pictures &c.,['D. Loggan'],[],['3']
Pictures &c.,"['Mr. Pinfold', 'Mr. Courten']",[],['6']
Pictures &c.,"['TDackett', 'Mrs. Pritchard']",[],['8']
Pictures &c.,['Mrs. Merian.'],[],['9']
Pictures &c.,['Robert'],[],['10']
Pictures &c.,['Robert'],[],['11']
Pictures &c.,['Faithorn'],[],['13']
Pictures &c.,['Greg. de Tholouse - Brodeur'],['Tholouse'],['15']
Pictures &c.,['Mrs Merian'],[],['16']
Pictures &c.,['Tholouze'],[],['17']
Pictures &c.,['.Hooker'],[],['22']
Pictures &c.,['Mr. Fullers'],['Sussex'],['23']
Pictures &c.,['Laurentius Costerus ye'],[],['25']
Pictures &c.,"['King Wm.s', 'Lens']",[],['26']
Pictures &c.,['Tholouze'],[],['27']
Pictures &c.,['Tholouze'],[],['30']
Pictures &c.,[],['Florence'],['33']
Pictures &c.,['Mr. Bizot'],[],['35']
Pictures &c.,[],['Florence'],['38']
Pictures &c.,['Sr. Orlando Bridgman'],[],['39']
Pictures &c.,['Mr. Petyt'],[],['40']
Pictures &c.,['Mr. Boyle'],[],['43']
Pictures &c.,['Mr. Faithorn'],[],['44']
Pictures &c.,[],['France'],['47']
Pictures &c.,"[""Mr. D'oyly.""]",[],['49']
Pictures &c.,['Mrs. Merian'],[],['50']
Pictures &c.,['Mrs. Merian.'],[],['51']
Pictures &c.,['G. le Tholouze'],[],['52']
Pictures &c.,['Du Bosse'],['Poland'],['55']
Pictures &c.,[],['Poland'],['56']
Pictures &c.,['George Duke of Albemarle'],[],['57']
Pictures &c.,['Della Bellas'],['Persian'],['58']
Pictures &c.,['Margaret Smith.'],[],['61']
Pictures &c.,['Joannes Caius'],[],['62']
Pictures &c.,['Mr. Pepys'],[],['63']
Pictures &c.,['Jacobus Stannier'],[],['64']
Pictures &c.,['Olivers'],[],['65']
Pictures &c.,['Mrs. Johanna Byron'],[],['68']
Pictures &c.,['Barlow'],[],['69']
Pictures &c.,['Mr. Jacob Selos head'],['Paris'],['73']
Pictures &c.,['Mr. Cooke'],[],['74']
Pictures &c.,['Mr. Cooke'],[],['77']
Pictures &c.,['Mareschall'],[],['78']
Pictures &c.,['Tholouze'],[],['82']
Pictures &c.,['Dr. Harvy'],[],['90']
Pictures &c.,"['Mrs. Fuller', 'Taverner']",[],['92']
Pictures &c.,['Mr. Sam'],[],['93']
Pictures &c.,[],['Venice'],['94']
Pictures &c.,['Wissen.'],['Tartary'],['97']
Pictures &c.,"[""Rossi's""]",['Rome'],['98']
Pictures &c.,[],['Tangier'],['100']
Pictures &c.,[],['Cornwall'],['101']
Pictures &c.,"['Mrs. Courten', 'Vandike']",[],['103']
Pictures &c.,['Lord Exeter'],[],['104']
Pictures &c.,['Silvestre'],['Dunkirk'],['108']
Pictures &c.,['Merian'],[],['109']
Pictures &c.,[],['Badminton'],['114']
Pictures &c.,['Dr. Huntington'],['Constantinople'],['120']
Pictures &c.,[],['Badminton'],['125']
Pictures &c.,['Mr. Langley'],[],['129']
Pictures &c.,['Mr. Courten'],[],['130']
Pictures &c.,"['Mrs. AnneRose', 'Taverner']",[],['132']
Pictures &c.,['Holben'],[],['133']
Pictures &c.,['Mr. Cooke'],[],['135']
Pictures &c.,[],['Holland'],['136']
Pictures &c.,['Miller'],[],['137']
Pictures &c.,['Mr. Cook'],[],['138']
Pictures &c.,"['Vesalius', 'Antony More']",[],['147']
Pictures &c.,"['Young Fran: Mercur. Vanhelmont', 'Mr. Murray']",[],['148']
Pictures &c.,['Mr. Courten'],[],['151']
Pictures &c.,['Mumper'],[],['152']
Pictures &c.,['Mr. Cook'],[],['153']
Pictures &c.,"['Sr. Theodore Mayern', ""Mr. D'oyly""]",[],['155']
Pictures &c.,"['Dr. Rose', 'Mr. Murray']",[],['156']
Pictures &c.,['Mrs. Willoughby.'],['East India'],['157']
Pictures &c.,['Rubens'],[],['161']
Pictures &c.,['Mr. Cook.'],[],['162']
Pictures &c.,['Poelemburg'],[],['164']
Pictures &c.,['Mr. Cook.'],[],['165']
Pictures &c.,"['Mr. Dampier', 'Mr. Murray.']",[],['166']
Pictures &c.,['Mr. Cooke'],[],['167']
Pictures &c.,[],['Spain'],['168']
Pictures &c.,"['Mr. Courten', 'Mr. Murray']",[],['170']
Pictures &c.,"['Dr. Sloane', 'Mr. Murray']",[],['171']
Pictures &c.,['Mrs. Sloane'],[],['172']
Pictures &c.,"['Mrs. Fuller', 'Mr. Murray']",[],['178']
Pictures &c.,"['Aldrovandus', 'Georgioni', 'Mr. Cock']",[],['183']
Pictures &c.,"['Sr. Edmund Kings', 'Faithorne?']",[],['184']
Pictures &c.,[],['West Indies'],['185']
Pictures &c.,"['Housman', 'Mr. Kinsay-']",['Italy'],['186']
Pictures &c.,['HE'],[],['190']
Pictures &c.,"[""Luther's""]",[],['194']
Pictures &c.,['Lord Arundells'],[],['200']
Pictures &c.,"['Sr. Thomas brown', 'Mr. Brigstock']",[],['201']
Pictures &c.,['Chancellor Jeffries'],[],['208']
Pictures &c.,"['Frere Jaques', 'Brower']",[],['209']
Pictures &c.,"['Hans Holbein', 'Mr. Hughs']",['Vienna'],['210']
Pictures &c.,['M r. Hugh'],['Vienna'],['212']
Pictures &c.,['Hofsted Van Essen'],[],['213']
Pictures &c.,[],['Venice'],['216']
Pictures &c.,[],['Venice'],['218']
Pictures &c.,['Dr. Br'],[],['219']
Pictures &c.,['Mr. Cowper'],[],['222']
Pictures &c.,['Mr. Cook'],[],['223']
Pictures &c.,['Mr. Cowper'],['Turkey'],['224']
Pictures &c.,['Mr. Cowper'],[],['229']
Pictures &c.,['Mr. Cowper'],[],['234']
Pictures &c.,['Mr. Cowper'],[],['237']
Pictures &c.,['Mrs. Merian'],[],['239']
Pictures &c.,"[""King Charles the first's""]",[],['241']
Pictures &c.,[''],[],['242']
Pictures &c.,[],['Con= Stantinople'],['243']
Pictures &c.,['Anna Maria Schurman'],['Holland'],['247']
Pictures &c.,['Dobson'],[],['248']
Pictures &c.,['Robert'],[],['249']
Pictures &c.,['Hilliard'],[],['250']
Pictures &c.,['Thornton'],['mediterranean'],['253']
Pictures &c.,['Albert Durer'],[],['254']
Pictures &c.,['Vandyke'],[],['255']
Pictures &c.,"['Duke of Richmond', 'Duke of Richmond', 'K. Charles the firsts']",[],['256']
Pictures &c.,['Dr. Cyprianus'],[],['257']
Pictures &c.,['Dr. Cyprianus'],[],['258']
Pictures &c.,['Dr. Ruyschs'],[],['261']
Pictures &c.,['Dr. Cyprianus.'],[],['263']
Pictures &c.,['Pet'],[],['267']
Pictures &c.,['Mrs Aesop'],[],['268']
Pictures &c.,['Queen Elizabeths'],[],['269']
Pictures &c.,"['Sr. Cornario', 'Queen Anne']",['Venice'],['270']
Pictures &c.,['Frederich the 3d. Duke of Saxony'],[],['271']
Pictures &c.,"['Earl of Essex', 'Queen Elizabeth']",[],['272']
Pictures &c.,['Jacomo Poro fils'],[],['274']
Pictures &c.,['Barbara uxor Johannis Michael van Beck'],[],['275']
Pictures &c.,"['phillip the 2d. of Spain', 'Olivar']",['Spain'],['276']
Pictures &c.,['Arundelian'],[],['277']
Pictures &c.,"['Sr. Thomas Moore', 'Hans Holbein']",[],['278']
Pictures &c.,['Fisher The B? p of Rochester'],[],['279']
Pictures &c.,['Albert- Durer'],[],['280']
Pictures &c.,['Mr. Van Mildert.'],[],['281']
Pictures &c.,"['Henry the eight', 'Mr. Warner']",[],['282']
Pictures &c.,['D. of Marlborough'],[],['285']
Pictures &c.,['Sr. Richard Steele'],[],['287']
Pictures &c.,"['Sr. Thomas Greshams', 'M r. Warner']",[],['288']
Pictures &c.,"['Abraham Symmonds', 'Fielder the Vintner', 'oliver']",[],['289']
Pictures &c.,"['King Charles 2d', 'Mr. Yales.']",[],['293']
Pictures &c.,"['Giovanni Maria LAncisi', 'Sebastiano Concha']",[],['294']
Pictures &c.,"['Queen Anne', 'M r. Dundasse']",[],['295']
Pictures &c.,['Prince George'],[],['296']
Pictures &c.,['Duke of Glocester'],[],['297']
Pictures &c.,['Mr. in'],[],['298']
Pictures &c.,['Valerius Bellus'],[],['299']
Pictures &c.,['Sr. Richard Baker'],['England'],['301']
Pictures &c.,['Valerius Bellus'],[],['304']
Pictures &c.,['Mr. Dupuys.'],[],['306']
Pictures &c.,['Callot'],[],['307']
Pictures &c.,['Surgeon'],[],['309']
Pictures &c.,['Moliere'],[],['310']
Pictures &c.,['Corneille'],[],['311']
Pictures &c.,['Walker'],[],['316']
Pictures &c.,['Charles Earle of Derby'],[],['317']
Pictures &c.,"['', 'A.M. Schurman']",[],['318']
Pictures &c.,"['Mr. James Petivers', 'Wm. Faithorn']",[],['319']
Pictures &c.,['John Fletcher'],[],['321']
Pictures &c.,"['Polidoro di Caravagio', 'Mr. Simpson']",[],['323']
Pictures &c.,['Dr. King'],[],['326']
Pictures &c.,[],['Florence'],['328']
Pictures &c.,[],['Florence'],['330']
Pictures &c.,['Frank of Borsalia Earl of Ostervant &c'],[],['337']
Pictures &c.,['Woyens'],[],['342']
Pictures &c.,"['strannover', 'Lord Lynn.']",['China'],['347']
Pictures &c.,['Husum.'],[],['348']
Pictures &c.,['Mr. Maidstone.'],['Canada'],['350']
Pictures &c.,"['King Charles the first', 'Mr. a Sadler']",['Norwich'],['352']
Pictures &c.,['Mr. Bell'],['China'],['354']
Pictures &c.,['Callot'],[],['356']
Pictures &c.,"['Queen Catherine', 'Tho. Simmons', 'Mr. Green']",[],['357']
Pictures &c.,['Mr. Edwards'],[],['358']
Pictures &c.,['D r. Burnet'],[],['360']
Pictures &c.,['Cardinall Gualtieris'],[],['361']
Pictures &c.,['Vanzoon.'],['Hampton court'],['363']
Pictures &c.,['Mr. Edwards'],[],['367']
Pictures &c.,['Lord Yarmouth'],[],['368']
Pictures &c.,"['Q: Catherine?', 'J. Simmons']",[],['371']
Pictures &c.,"[""Dr Rugeley's father"", ""Mr Geekie's Junr 's"", 'Mr Jones.', 'Mr Murray']",[],['373']
Pictures &c.,['Dr Rugeley the Son'],[],['374']
Pictures &c.,"['Major John Hanbury', 'Sr Godfrey Kneller', 'Alexr Geekie, senior']",[],['375']
Pictures &c.,"['Mrs. Hanbury', 'Kneller']",[],['376']
Pictures &c.,['Churchmans engine'],[],['379']
Pictures &c.,['Abraham Symmeons'],['India'],['382']
Pictures &c.,['Theodorus Klein'],[],['383']
Pictures &c.,['D. J. Parisinus'],[],['390']
Pictures &c.,['G. Du Pre. F. 1618.'],[],['392']
Pictures &c.,['K. Charles 2d'],[],['395']
Pictures &c.,['K. James 2d'],[],['396']
Pictures &c.,['Godwin Lewis'],"['Thames', 'Hampton court']",['399']
Pictures &c.,"['Elizb. Blackwell', 'Mr. Blackstone']",[],['400']
Pictures &c.,['Mr. Jo. Hawkins'],[],['402']
Pictures &c.,"['Joh. Osborn', 'Henry Frederic prince of Orange', 'John Albert the 2d']",[],['405']
Pictures &c.,['Mr Lisle'],['Hampshire'],['406']
Pictures &c.,"['Mr. Ray', 'Faithorn']",[],['407']
Pictures &c.,['Mrs. A. Thornburgh'],['antwerp'],['468']
Pictures &c.,['Mr. Halett'],['Siam'],['469']
Pictures &c.,['Mr. Thomas Briton'],['London'],['470']
Pictures &c.,"['Duke of Cumberland', 'Jackson']",[],['471']
Pictures &c.,"['Sr. Hans Sloane', 'Mr. Pinchbeck']",[],['']
Pictures &c.,"['Mr. James', 'Mr Wollfryes']",[],['']
Mathematicall instruments &c,['Mr. Butterfield'],['Paris'],['9']
Mathematicall instruments &c,['Mr. Butterfield'],[],['10']
Mathematicall instruments &c,"['Eustachio de divinis', 'S r. Charles Scarburgh']",[],['20']
Mathematicall instruments &c,['Dr. Baynard'],[],['21']
Mathematicall instruments &c,['Coll. Wharton'],['Rome'],['23']
Mathematicall instruments &c,"['Wynne', 'D. of Albemarle.']",[],['24']
Mathematicall instruments &c,['Duke of Albemarle'],[],['34']
Mathematicall instruments &c,"['Mr. Butterfield', 'D. of']","['Paris', 'Cumberland']",['43']
Mathematicall instruments &c,[],"['London', 'Rome', 'London']",['54']
Mathematicall instruments &c,"['Martin Folkes', 'Thomas Brand Esqr']",['Rome'],['57']
Agate handles &c.,[],['Antwerp'],['105']
Agate handles &c.,['Dr. Stuart'],[],['132']
Agate handles &c.,['Mr. Galliards'],[],['148']
Agate handles &c.,['Bp of Carlile'],['Wales'],['164']
Agate handles &c.,[],['East Indies'],['185']
Agate handles &c.,['Mr. Thomas'],['Anglesey'],['186']
Agate handles &c.,['Dr. Waldo'],[],['188']
Agate handles &c.,['Dr. Waldo'],[],['192']
Agate handles &c.,[],['E. Indies'],['202']
Agate handles &c.,['Mr. Beverland'],[],['203']
Agate handles &c.,['Mr. Vanhulse'],[],['220']
Agate handles &c.,[],['Guinea'],['228']
Agate cups botles spoons &c.,['Mr. Marlow'],[],['8']
Agate cups botles spoons &c.,['Mr. Marlow'],[],['11']
Agate cups botles spoons &c.,['Mr. Marlow'],[],['13']
Agate cups botles spoons &c.,['King Charles the firsts'],[],['19']
Agate cups botles spoons &c.,['Mrs. Hayes.'],[],['28']
Agate cups botles spoons &c.,['Mr. Pinfold'],['Europe'],['29']
Agate cups botles spoons &c.,['Mrs. Hayes'],[],['31']
Agate cups botles spoons &c.,['Mr. Marlow.'],[],['36']
Agate cups botles spoons &c.,['Mr. Marlow'],[],['39']
Agate cups botles spoons &c.,['Mr. Tinsey'],[],['41']
Agate cups botles spoons &c.,['Queen Elizabeths'],[],['83']
Agate cups botles spoons &c.,[],['E. Indies'],['161']
Agate cups botles spoons &c.,[],['East India'],['168']
Agate cups botles spoons &c.,['Dr. Waldo'],[],['190']
Agate cups botles spoons &c.,[],['East India'],['193']
Agate cups botles spoons &c.,[],['East India'],['194']
Agate cups botles spoons &c.,['Mr. Van Mild = ert.'],[],['196']
Agate cups botles spoons &c.,['Pet'],[],['199']
Agate cups botles spoons &c.,[],['Suratte'],['203']
Agate cups botles spoons &c.,['D r. waldo'],"['Persian', 'suratte']",['205']
Agate cups botles spoons &c.,['Mr. Dupuys'],[],['215']
Agate cups botles spoons &c.,[],['Germany'],['218']
Agate cups botles spoons &c.,['Mr. Bell'],['China'],['220']
Agate cups botles spoons &c.,['Mr. Ranby'],[],['227']
Agate cups botles spoons &c.,['Mrs. Shepherd'],[],['229']
Agate cups botles spoons &c.,[],['India'],['239']
Agate cups botles spoons &c.,['madam Montmorency'],['Bohemia'],['302']
Agate cups botles spoons &c.,[],['Bohemia'],['303']
